"cod_ibge","ivs_renda_e_trabalho_quartile","renda_per_capita_quartile","i_gini_quartile","t_analf_15m_quartile","ivs_capital_humano_quartile","t_sem_agua_esgoto_quartile","t_sem_lixo_quartile"
"350010",1,4,4,2,1,1,1
"350020",2,2,1,3,2,1,2
"350030",3,2,3,3,4,3,3
"350040",3,4,4,2,1,3,4
"350050",3,3,2,2,3,4,4
"350055",1,4,3,1,2,4,1
"350060",1,4,4,1,1,1,1
"350070",3,2,1,1,2,2,3
"350075",3,1,2,2,2,3,1
"350080",4,1,1,4,1,4,4
"350090",1,2,2,4,4,1,1
"350100",2,3,2,2,3,3,1
"350110",3,1,1,3,3,1,2
"350115",2,3,2,1,1,3,1
"350120",3,2,1,4,2,3,3
"350130",3,2,3,2,2,3,4
"350140",3,1,1,3,3,1,1
"350150",2,3,4,4,1,1,1
"350160",1,4,3,1,1,2,2
"350170",3,2,1,2,2,2,2
"350180",2,2,2,3,2,1,2
"350190",1,4,4,1,1,3,2
"350200",3,4,4,2,2,1,1
"350210",2,4,4,2,1,3,3
"350220",3,2,2,2,4,3,3
"350230",2,1,2,2,3,1,2
"350240",2,1,2,3,2,1,1
"350250",3,3,3,1,1,2,4
"350260",3,2,3,4,3,3,1
"350270",4,1,4,3,4,4,4
"350275",2,3,3,2,4,4,4
"350280",1,4,4,1,1,3,2
"350290",3,4,4,1,2,4,4
"350300",2,3,2,2,2,3,4
"350310",1,1,1,3,4,2,3
"350315",4,1,1,3,4,1,3
"350320",1,4,4,1,1,2,2
"350330",1,4,3,1,1,2,2
"350335",4,1,1,4,3,2,2
"350340",3,3,2,2,2,1,2
"350350",4,1,2,3,4,3,4
"350360",3,1,1,4,4,2,1
"350370",2,3,1,3,3,2,1
"350380",2,4,3,1,3,1,2
"350390",3,4,4,1,2,4,2
"350395",4,2,2,4,2,2,1
"350400",1,4,4,1,1,2,2
"350410",2,4,4,1,2,4,4
"350420",1,4,3,2,1,2,4
"350430",3,1,3,3,4,3,2
"350440",3,1,2,3,3,1,2
"350450",1,4,3,1,2,2,2
"350460",1,3,1,1,1,1,1
"350470",4,1,1,4,1,1,1
"350480",1,4,2,3,1,1,3
"350490",4,2,4,3,4,2,1
"350500",4,1,3,3,3,4,4
"350510",3,1,1,4,4,3,2
"350520",1,3,2,2,2,1,2
"350530",1,4,2,2,1,1,3
"350535",4,1,4,4,4,4,4
"350540",4,1,4,4,4,4,1
"350550",1,4,3,1,1,3,3
"350560",3,2,1,3,4,1,2
"350570",2,4,4,1,2,2,2
"350580",2,2,1,2,1,2,3
"350590",1,4,4,1,2,1,2
"350600",1,4,4,1,1,2,3
"350610",2,4,4,1,1,1,3
"350620",3,2,1,3,3,1,1
"350630",2,2,2,2,3,1,1
"350635",2,3,3,1,4,4,3
"350640",1,4,2,3,2,1,3
"350650",1,4,2,1,1,2,3
"350660",4,2,4,3,4,4,4
"350670",3,2,2,4,4,1,1
"350680",1,4,2,2,2,1,4
"350690",4,2,3,3,4,4,3
"350700",2,4,4,1,2,3,4
"350710",2,3,1,2,3,2,1
"350715",4,1,2,4,4,4,2
"350720",1,2,1,4,3,4,1
"350730",1,3,1,3,2,1,4
"350740",3,2,2,3,3,4,1
"350745",3,1,1,3,4,4,3
"350750",1,4,4,1,1,2,3
"350760",1,4,4,1,1,4,3
"350770",2,3,2,3,3,2,3
"350775",2,2,1,4,3,3,1
"350780",1,3,2,1,1,1,3
"350790",2,3,1,2,1,2,4
"350800",4,1,4,3,4,4,4
"350810",3,3,2,3,3,1,2
"350820",3,4,3,2,2,3,1
"350830",2,1,1,4,3,4,1
"350840",2,3,2,2,4,3,2
"350850",2,4,4,1,2,3,3
"350860",3,3,4,1,3,3,3
"350870",4,2,4,3,3,3,3
"350880",3,2,3,2,4,2,2
"350890",4,1,1,4,2,3,4
"350900",2,4,3,1,2,3,2
"350910",4,1,3,4,3,4,4
"350920",3,2,2,1,3,4,4
"350925",4,1,3,4,4,4,4
"350930",1,2,1,3,2,1,2
"350940",2,2,1,2,4,2,2
"350945",4,1,4,3,4,1,4
"350950",1,4,4,1,1,3,2
"350960",2,3,2,1,2,3,3
"350970",1,4,4,1,4,4,4
"350980",4,1,2,4,4,4,1
"350990",3,1,4,2,4,4,4
"350995",4,1,2,2,4,4,1
"351000",3,2,1,2,2,3,2
"351010",1,4,3,3,1,1,3
"351015",3,1,1,4,4,1,1
"351020",4,1,4,3,4,3,3
"351030",3,1,1,2,4,4,2
"351040",2,4,3,1,3,3,4
"351050",3,3,4,1,2,4,3
"351060",3,3,3,1,3,3,3
"351070",4,2,2,3,4,3,4
"351080",2,3,4,1,2,4,3
"351090",4,1,2,4,3,4,1
"351100",4,1,3,3,3,4,3
"351110",1,4,3,1,1,2,2
"351120",1,3,2,3,1,1,3
"351130",1,4,2,2,1,1,4
"351140",2,2,2,2,4,3,1
"351150",1,4,2,1,1,2,4
"351160",3,2,2,1,4,4,4
"351170",2,3,1,2,2,2,4
"355720",3,2,3,3,3,1,1
"351190",1,2,1,3,3,1,3
"351200",3,3,3,2,2,1,2
"351210",3,1,1,4,2,4,4
"351220",2,2,2,4,4,1,1
"351230",3,3,4,2,3,2,3
"351240",2,4,2,1,3,2,2
"351250",2,2,1,2,4,3,1
"351260",4,1,3,4,4,3,1
"351270",1,3,3,2,2,2,3
"351280",3,4,2,1,2,3,1
"351290",3,2,1,3,2,4,3
"351300",2,4,4,1,2,4,4
"351310",1,3,2,2,3,1,1
"351320",2,3,3,3,2,1,1
"351330",3,2,2,3,1,3,1
"351340",4,4,4,1,2,2,3
"351350",4,3,3,1,4,4,4
"351360",4,1,4,4,4,4,4
"351370",1,3,3,1,2,3,2
"351380",3,3,2,1,3,3,3
"351385",3,1,1,4,1,3,3
"351390",4,3,3,2,2,3,1
"351400",1,2,1,4,4,1,1
"351410",1,3,3,3,4,4,1
"351420",2,2,1,4,3,1,1
"351430",1,3,1,3,2,1,1
"351440",1,4,2,2,1,3,2
"351450",2,3,2,2,1,4,2
"351460",2,3,1,2,2,3,1
"351470",4,3,4,4,3,2,1
"351480",4,1,4,4,4,4,2
"351490",2,2,2,2,4,4,1
"351492",1,2,1,4,3,1,1
"351495",1,3,1,3,2,3,2
"351500",3,2,3,1,3,3,3
"351510",3,2,4,2,3,4,4
"351512",2,1,1,4,3,4,4
"351515",2,3,3,3,4,1,3
"351518",1,4,4,2,1,1,2
"351519",3,1,1,3,3,2,1
"355730",1,2,1,1,1,3,3
"351530",4,2,2,3,1,1,3
"351520",1,2,1,3,1,4,1
"351535",4,1,3,4,4,4,4
"351540",1,2,2,2,2,2,1
"351560",2,4,1,3,1,1,1
"351550",1,4,4,2,1,1,2
"351565",4,1,1,3,1,1,1
"351570",3,1,2,1,3,3,2
"351580",4,1,1,4,1,1,4
"351590",1,2,1,3,2,1,1
"351600",2,2,1,4,4,1,1
"351610",4,1,3,3,2,3,1
"351620",1,4,3,1,2,1,2
"351630",4,1,1,2,4,4,4
"351640",3,2,2,2,4,4,4
"351650",2,3,1,3,1,1,2
"351660",4,1,2,4,4,4,2
"351670",2,3,4,2,2,3,2
"351680",3,3,2,4,3,1,3
"351685",2,1,1,3,3,3,1
"351690",2,3,3,3,2,1,2
"351700",3,2,3,3,3,3,4
"351710",1,3,4,3,3,2,1
"351720",2,2,1,2,2,1,3
"351730",3,1,1,4,4,4,2
"351740",3,4,4,2,3,2,2
"351750",3,3,1,2,3,1,2
"351760",4,1,4,4,4,4,3
"351770",3,2,4,4,4,2,2
"351780",3,2,2,3,2,4,1
"351790",4,2,2,3,4,1,3
"351800",4,1,1,4,3,2,1
"351810",4,2,3,4,4,1,2
"351820",2,3,2,2,1,2,3
"351830",1,3,3,2,3,4,4
"351840",2,4,4,1,1,3,2
"351850",3,2,2,3,3,3,4
"351860",3,2,2,4,4,2,1
"351870",3,3,4,1,4,4,4
"351880",3,4,4,1,2,3,3
"351885",4,3,4,4,4,4,4
"351890",4,1,1,4,4,1,1
"351900",4,1,2,3,4,3,3
"351905",1,4,4,1,1,4,1
"351907",3,3,1,1,2,4,2
"351910",2,3,1,2,3,4,2
"351920",3,2,2,4,3,2,1
"351925",4,1,4,2,4,4,4
"351930",3,1,1,2,4,2,1
"351940",2,4,3,3,3,3,1
"351950",3,2,2,2,3,2,1
"351960",1,3,2,1,3,3,3
"351970",4,2,3,3,4,4,4
"351980",3,3,3,2,2,2,3
"351990",3,2,2,3,4,4,3
"352000",3,2,1,4,3,1,3
"352010",2,4,4,3,3,3,4
"352020",3,1,1,4,2,4,4
"352030",4,1,4,3,3,4,4
"352042",4,2,3,1,3,3,4
"352044",1,4,3,1,1,2,4
"352040",2,3,4,1,3,4,3
"352050",1,4,3,1,1,3,2
"352060",4,2,3,2,2,1,1
"352070",4,2,3,4,1,2,4
"352080",3,1,1,4,2,2,1
"352090",3,2,3,2,3,1,1
"352100",2,1,1,1,3,4,1
"352110",1,3,3,2,2,3,1
"352115",2,2,1,2,2,3,1
"352120",4,1,4,4,4,4,2
"352130",4,4,4,3,4,1,3
"352140",2,4,1,1,1,1,1
"352150",2,1,1,4,3,1,3
"352160",4,2,2,4,4,4,3
"352170",4,1,4,3,4,4,3
"352180",4,2,3,3,4,4,3
"352190",2,3,1,3,3,2,4
"352200",1,2,1,3,2,1,1
"352210",4,3,4,2,3,4,4
"352215",4,1,4,4,3,4,4
"352220",3,2,3,2,3,4,4
"352230",3,3,4,1,3,3,3
"352240",4,2,4,2,3,4,4
"352250",3,1,3,1,4,4,4
"352260",1,4,3,2,1,1,2
"352265",4,1,4,4,4,4,4
"352270",1,3,3,2,3,2,2
"352280",4,1,4,4,4,3,3
"352290",3,3,1,2,3,2,2
"352300",4,1,3,4,3,4,4
"352310",4,1,2,2,4,4,4
"352320",4,1,3,2,4,3,3
"352330",4,1,4,3,4,4,4
"352340",1,4,3,1,1,4,2
"352350",4,1,2,3,4,2,2
"352360",2,3,3,3,4,4,1
"352370",2,1,2,3,3,3,2
"352380",2,2,2,3,3,2,3
"352390",1,4,4,1,3,2,3
"352400",1,4,2,1,2,4,2
"352410",2,4,4,2,1,2,2
"352420",2,1,1,3,3,1,1
"352430",2,4,4,1,2,1,3
"352440",3,4,4,1,1,3,3
"352450",1,2,1,3,2,2,2
"352460",3,1,4,3,4,4,2
"352470",1,4,4,1,1,2,2
"352480",2,4,3,2,1,2,2
"352490",1,3,4,2,3,3,4
"352500",2,3,3,1,3,4,2
"352510",2,3,3,1,4,3,2
"352520",2,3,3,2,3,4,4
"352530",1,4,3,1,2,2,2
"352540",2,1,2,4,4,1,2
"352550",3,2,2,3,4,4,4
"352560",3,2,2,4,4,4,1
"352570",1,4,3,2,1,4,3
"352580",3,1,2,4,4,4,4
"352585",1,3,1,2,2,1,3
"352590",1,4,4,1,1,3,2
"352600",3,3,2,3,1,2,2
"352610",4,1,4,4,4,4,4
"352620",4,1,4,4,4,4,4
"352630",4,1,3,4,4,4,4
"352640",1,3,2,1,2,1,4
"352650",4,2,1,3,1,4,2
"352660",4,1,4,2,4,3,4
"352670",1,3,3,2,3,2,3
"352680",1,4,2,1,1,2,2
"352690",1,4,3,1,1,3,3
"352700",1,3,1,2,2,3,4
"352710",1,4,3,1,1,3,2
"352720",4,3,4,1,2,3,3
"352725",3,2,1,4,1,1,3
"352730",1,4,4,1,1,4,3
"352740",3,3,3,2,1,3,3
"352750",2,3,4,3,2,2,1
"352760",4,2,2,2,3,1,3
"352770",1,1,1,4,4,3,1
"352780",3,1,1,4,4,2,4
"352790",4,1,2,3,3,2,4
"352800",1,4,4,3,2,2,1
"352810",3,3,2,3,1,1,3
"352820",3,2,2,4,1,2,3
"352830",2,3,2,4,2,1,1
"352840",3,3,2,1,3,4,3
"352850",1,4,4,1,1,4,4
"352860",4,3,3,2,2,1,1
"352870",4,1,1,4,4,3,4
"352880",3,2,2,3,2,1,3
"352885",1,3,1,2,1,1,2
"352890",1,1,1,3,3,4,1
"352900",2,4,4,1,1,2,3
"352910",1,1,2,4,1,1,1
"352920",3,2,3,3,3,3,2
"352930",1,4,4,2,2,1,3
"352940",3,3,2,1,2,3,2
"352950",1,3,1,2,1,2,3
"352960",4,3,1,3,1,2,3
"352965",2,1,1,4,3,1,3
"352970",4,2,3,4,3,3,3
"352980",1,3,1,2,2,1,4
"353000",3,2,2,4,2,1,1
"352990",4,1,4,4,4,4,4
"353010",3,3,3,2,2,4,4
"353020",4,1,4,4,3,4,3
"353030",2,4,2,1,2,1,3
"353040",3,2,1,3,3,1,3
"353050",2,4,4,2,1,1,4
"353060",3,4,4,1,2,4,4
"353070",2,4,2,1,1,2,2
"353080",2,4,4,1,1,1,3
"353090",4,4,4,3,4,1,1
"353100",3,3,2,3,1,1,4
"353110",4,3,4,1,3,4,4
"353120",1,4,3,2,1,2,4
"353130",1,4,2,1,1,2,4
"353140",1,4,4,2,2,1,1
"353150",3,3,3,3,1,1,4
"353160",4,2,1,4,2,1,2
"353180",3,2,2,2,3,4,4
"353170",4,2,3,4,4,4,1
"353190",2,3,3,3,4,2,3
"353200",1,3,2,2,2,3,3
"353205",4,1,3,2,4,3,1
"353210",3,2,2,3,3,4,3
"353215",2,1,1,4,4,1,1
"353220",4,1,1,4,3,2,1
"353230",4,1,4,4,4,4,3
"353240",4,1,3,4,4,4,4
"353250",1,3,1,2,1,1,2
"353260",2,4,4,2,1,1,2
"353270",4,2,1,3,2,1,2
"353280",2,2,1,2,2,1,2
"353282",4,1,3,4,4,4,4
"353284",4,1,1,4,1,3,4
"353286",1,2,1,3,1,1,4
"353290",1,3,1,2,3,1,1
"353300",2,3,2,2,2,4,2
"353310",4,2,2,4,2,1,1
"353320",1,1,1,3,1,3,1
"353330",2,2,1,4,2,1,1
"353340",1,4,2,1,1,2,3
"353325",2,2,3,4,4,2,3
"353350",1,4,3,3,2,3,3
"353360",2,3,3,1,2,2,2
"353370",3,1,1,3,4,2,3
"353380",4,2,2,2,2,3,1
"353390",1,3,2,1,2,1,3
"353400",2,2,1,3,1,3,1
"353410",3,3,2,2,2,1,1
"353420",1,3,1,2,1,1,1
"353430",2,4,4,1,1,1,1
"353440",2,4,4,1,2,4,4
"353450",3,2,3,4,1,1,3
"353460",2,3,3,2,2,2,2
"353470",2,4,4,1,1,3,3
"353480",4,1,1,4,4,3,4
"353475",3,3,2,3,1,2,2
"353490",3,3,3,4,3,3,2
"353500",3,3,1,3,4,2,3
"353510",1,2,1,4,3,1,4
"353520",2,3,2,3,1,2,3
"353530",2,3,2,2,1,3,2
"353540",4,3,4,3,4,3,4
"353550",2,3,3,2,2,2,4
"353560",4,2,4,3,3,4,1
"353570",1,4,3,3,2,1,1
"353580",3,2,3,3,3,4,4
"353590",3,2,3,4,1,1,2
"353600",3,2,2,3,3,3,2
"353610",2,3,3,3,3,2,4
"353620",4,1,3,2,4,4,4
"353625",1,3,1,4,3,3,2
"353630",3,2,2,2,4,2,2
"353640",4,2,2,4,4,2,4
"353650",1,4,3,1,1,3,4
"353657",2,1,2,4,3,2,4
"353660",4,3,4,4,3,3,1
"353670",3,3,4,2,3,4,4
"353680",3,1,2,4,4,4,1
"353690",4,2,1,4,2,3,1
"353700",2,3,4,2,3,4,3
"353710",1,4,2,1,1,1,3
"353715",1,4,4,2,1,3,4
"353720",4,1,3,4,4,3,4
"353730",2,4,3,1,2,2,2
"353740",4,3,3,3,2,2,4
"353750",3,3,2,2,3,3,4
"353760",4,3,4,2,3,4,4
"353770",3,1,1,4,4,2,1
"353780",4,2,3,3,4,4,3
"353790",4,1,2,2,4,3,1
"353800",3,4,4,1,1,3,4
"353810",2,3,1,3,3,2,3
"353820",2,2,2,3,3,4,2
"353830",4,1,2,4,4,4,1
"353850",4,2,4,1,2,3,2
"353860",4,4,4,3,3,4,4
"353870",1,4,4,1,2,3,2
"353880",2,4,3,2,2,1,2
"353890",2,3,3,3,2,2,4
"353900",2,3,1,3,2,1,1
"353910",4,1,3,2,3,4,4
"353920",3,3,4,2,2,3,4
"353930",1,4,4,1,1,2,3
"353940",1,4,3,2,1,2,4
"353950",3,2,2,3,4,3,3
"353960",3,1,1,4,3,2,1
"353970",4,2,4,4,4,3,1
"353980",3,2,2,1,2,2,2
"353990",2,3,1,3,1,1,3
"354000",1,4,3,1,1,1,3
"354010",2,3,3,3,1,3,3
"354020",2,3,2,4,4,1,2
"354025",3,1,1,4,4,3,1
"354030",1,2,1,4,3,1,1
"354040",3,2,2,4,4,4,1
"354050",4,2,3,2,4,4,3
"354060",1,3,3,1,1,3,2
"354070",2,3,3,1,2,2,3
"354075",4,1,1,1,3,1,3
"354080",1,3,1,2,2,2,1
"354085",4,1,1,4,1,1,1
"354090",2,3,3,3,2,4,1
"354100",3,4,4,1,3,2,3
"354105",1,1,1,2,4,1,1
"354110",4,2,3,4,4,2,1
"354120",4,3,3,3,2,3,3
"354130",4,2,3,2,2,3,4
"354140",1,4,4,1,1,2,4
"354150",3,4,4,2,1,3,3
"354160",3,3,2,2,3,3,4
"354165",3,2,4,3,3,3,1
"354170",3,2,2,3,3,4,3
"354180",4,1,2,4,3,1,1
"354190",4,1,3,2,4,3,4
"354200",4,1,2,3,2,2,2
"354210",1,3,1,1,2,1,1
"354220",3,3,3,2,3,3,3
"354230",4,1,3,4,4,4,4
"354240",2,3,3,2,1,1,3
"354250",2,2,2,3,3,1,1
"354260",4,3,4,2,3,4,4
"354270",3,1,1,3,4,3,2
"354280",4,1,3,4,4,4,1
"354290",3,2,3,4,3,3,3
"354300",4,1,3,4,4,4,4
"354310",3,1,2,4,4,1,1
"354320",2,4,4,2,2,3,1
"354323",4,1,1,4,2,2,2
"354325",4,1,2,4,3,4,1
"354330",3,4,2,1,1,4,4
"354340",1,4,4,1,1,3,2
"354360",3,2,3,2,4,1,3
"354370",2,2,2,3,2,1,4
"354380",3,2,2,4,4,4,3
"354390",1,4,4,1,1,2,2
"354400",2,4,3,2,1,1,4
"354410",4,1,1,1,2,3,4
"354420",4,1,1,4,4,3,2
"354350",4,1,4,4,4,3,3
"354425",4,4,4,2,3,4,4
"354430",3,2,2,1,3,3,3
"354440",2,1,1,4,2,1,3
"354450",2,2,1,2,1,4,1
"354460",3,2,2,3,2,3,1
"354470",2,2,3,4,1,1,1
"354480",3,2,2,4,3,2,4
"354490",3,3,2,1,2,1,2
"354500",4,1,2,3,3,3,2
"354510",3,1,1,4,4,3,3
"354515",1,4,1,1,1,3,2
"354520",1,4,3,1,1,3,4
"354530",4,2,2,3,3,4,2
"354540",4,1,2,4,4,4,3
"354550",4,1,2,4,3,3,1
"354560",1,4,2,3,1,4,4
"354570",2,3,2,4,2,1,1
"354580",1,4,2,1,1,2,2
"354600",3,2,3,2,3,4,4
"354610",1,2,3,4,1,1,1
"354620",1,4,4,1,2,1,1
"354625",4,3,4,1,3,3,3
"354630",1,4,4,3,4,1,1
"354640",2,4,3,1,2,2,3
"354650",2,3,2,2,1,1,1
"354660",2,4,4,2,1,1,1
"354670",1,3,1,1,3,1,3
"354680",4,2,3,2,3,4,3
"354690",2,2,1,3,3,2,1
"354700",4,1,3,3,4,1,1
"354710",4,1,1,4,2,1,4
"354750",2,4,3,1,1,3,3
"354740",1,2,1,4,1,1,1
"354760",4,4,4,1,1,1,1
"354765",4,2,1,2,1,1,1
"354720",1,4,2,3,1,1,1
"354730",2,4,4,1,2,4,3
"354770",4,3,4,2,2,1,4
"354780",2,4,4,1,1,3,2
"354790",1,1,2,2,3,2,1
"354800",2,3,2,3,4,1,2
"354805",2,2,2,4,1,3,1
"354810",3,2,2,3,2,1,1
"354820",3,1,3,3,4,3,3
"354830",4,1,2,4,2,4,3
"354840",2,1,1,3,2,2,2
"354850",1,4,4,1,1,2,2
"354860",4,3,4,3,4,1,4
"354870",1,4,4,1,1,3,2
"354880",1,4,4,1,1,1,1
"354890",1,4,4,1,1,2,2
"354900",2,2,3,4,3,1,1
"354910",1,4,4,1,1,2,4
"354920",1,1,1,4,1,1,1
"354925",2,1,1,4,1,1,1
"354930",1,2,1,4,1,1,1
"354940",2,4,2,1,1,2,2
"354950",3,1,3,4,4,2,4
"354960",4,1,4,4,4,3,3
"354970",2,4,4,1,2,2,3
"354980",1,4,4,1,1,2,2
"354990",1,4,4,1,1,3,2
"354995",4,2,3,3,2,4,4
"355000",4,2,3,4,4,3,3
"355010",2,3,3,2,3,2,4
"355020",4,2,4,3,4,4,4
"355030",2,4,4,1,2,3,3
"355040",2,4,3,1,3,3,4
"355050",3,1,1,3,2,2,1
"355060",2,4,4,1,1,4,4
"355070",2,4,4,2,3,4,2
"355080",2,1,2,3,3,3,4
"355090",1,3,3,1,2,3,3
"355100",3,3,3,1,3,3,3
"355110",4,2,4,3,4,3,3
"355120",4,1,2,4,4,1,4
"355130",2,4,2,3,1,1,1
"355140",3,2,3,3,4,4,1
"355160",1,4,3,2,1,3,4
"355150",1,2,1,2,3,2,1
"355170",1,4,3,1,1,2,2
"355180",4,1,4,4,4,4,1
"355190",1,2,2,4,4,1,1
"355200",4,1,3,4,4,2,1
"355210",3,3,2,2,2,4,3
"355220",2,4,4,1,1,2,2
"355230",2,4,4,4,3,2,1
"355240",2,4,3,1,2,2,3
"355255",4,1,2,4,4,4,2
"355250",4,2,3,1,2,4,4
"355260",2,3,1,3,3,2,3
"355270",1,2,1,4,4,2,3
"355280",2,4,3,1,2,3,2
"355290",3,1,1,4,2,3,4
"355300",2,1,1,2,4,2,2
"355310",3,2,2,4,4,2,3
"355320",2,3,2,3,2,3,2
"355330",2,3,3,1,3,2,4
"355340",2,3,2,2,2,3,4
"355350",4,1,2,4,4,4,2
"355360",2,2,1,2,1,4,2
"355365",1,4,4,4,2,2,2
"355370",1,3,3,2,3,2,3
"355380",4,2,3,3,4,3,4
"355385",4,1,2,4,4,4,4
"355390",4,1,1,4,3,3,3
"355395",4,3,4,3,2,2,2
"355400",2,3,3,1,2,3,3
"355410",2,4,4,1,1,2,3
"355420",4,1,3,4,4,4,4
"355430",4,2,3,3,3,3,2
"355440",1,3,3,2,3,2,2
"355450",1,4,3,1,2,2,2
"355460",3,1,3,4,2,2,3
"355465",3,1,1,1,3,4,2
"355470",3,3,3,2,3,2,3
"355475",3,1,1,4,3,2,2
"355480",2,4,4,1,2,4,4
"355490",3,2,2,3,1,2,2
"355495",3,2,1,3,3,4,2
"355500",3,4,4,2,3,2,4
"355510",1,4,4,2,1,2,4
"355520",1,2,1,4,1,2,2
"355530",2,3,1,4,2,3,2
"355535",2,1,1,3,4,3,2
"355540",3,4,4,2,3,4,3
"355550",2,1,2,3,4,2,4
"355560",1,2,1,2,3,2,4
"355570",1,2,1,4,4,2,2
"355580",3,3,3,3,1,2,2
"355590",1,1,1,2,2,2,2
"355600",1,4,2,2,2,2,2
"355610",1,2,1,2,2,2,2
"355620",1,4,4,1,1,3,2
"355630",2,3,3,2,3,4,2
"355635",3,1,1,4,3,4,2
"355640",1,3,2,2,3,2,4
"355645",2,4,4,1,1,3,4
"355650",2,3,1,1,2,2,2
"355660",3,3,3,3,1,2,3
"355670",1,4,4,1,1,2,3
"355680",3,3,1,2,2,2,3
"355690",1,3,1,3,1,2,2
"355695",1,1,1,4,2,2,3
"355700",3,3,1,1,2,2,2
"355710",1,4,4,1,1,2,2
"355715",2,2,1,3,2,2,2
