"cod_ibge","pct_branca","pct_preta","pct_amarela","pct_parda","pct_indigena","Branca_Q","Preta_Q","Amarela_Q","Parda_Q","Indigena_Q","pct_other","Other_Q"
"350010",67.34,3.85,2.08,26.68,0.05,4,1,4,1,2,5.98,2
"350020",59.66,4.3,0.3,35.58,0.16,2,1,2,3,4,4.76,1
"350030",62.95,6.5,0.36,30.17,0.02,3,3,2,2,1,6.88,3
"350040",71.75,4.3,0.39,23.56,NA,4,1,3,1,NA,NA,NA
"350050",74.11,3.55,0.31,21.99,0.03,4,1,2,1,1,3.89,1
"350055",63.9,5.06,0.82,30.17,0.06,3,2,4,2,2,5.94,2
"350060",80,3.27,1.83,14.86,0.04,4,1,4,1,1,5.14,2
"350070",59.11,6.43,0.42,33.9,0.14,2,3,3,3,4,6.99,3
"350075",68.12,3.83,0.21,27.8,0.05,4,1,2,2,2,4.09,1
"350080",56.67,5.26,1.6,36.4,0.07,2,2,4,3,2,6.93,3
"350090",48.36,8.06,0.2,43.35,0.03,1,4,1,4,1,8.29,4
"350100",61.11,6.19,0.22,32.43,0.04,3,3,2,2,1,6.45,3
"350110",65.71,4.04,0.7,29.52,0.03,3,1,3,2,1,4.77,1
"350115",51.7,7.71,0.36,40.18,0.04,1,4,2,4,1,8.11,4
"350120",64.73,4.78,0.49,29.99,0.03,3,2,3,2,1,5.3,2
"350130",53.63,6.81,2.37,37.1,0.08,2,3,4,3,3,9.26,4
"350140",44.8,10.15,0.17,44.86,0.02,1,4,1,4,1,10.34,4
"350150",51.65,8.21,0.21,39.86,0.07,1,4,2,4,2,8.49,4
"350160",70.71,4.58,0.66,23.96,0.09,4,2,3,1,3,5.33,2
"350170",49.94,8.59,0.15,41.27,0.05,1,4,1,4,2,8.79,4
"350180",68.04,4.55,0.61,26.7,0.1,4,2,3,1,3,5.26,2
"350190",72.58,4.72,0.22,22.44,0.05,4,2,2,1,2,4.99,1
"350200",63.7,6.01,0.31,29.85,0.13,3,3,2,2,4,6.45,3
"350210",52.61,6.14,1.72,39.49,0.04,1,3,4,4,1,7.9,4
"350220",73.52,3.25,0.27,22.91,0.05,4,1,2,1,2,3.57,1
"350230",60.54,5.27,0.21,33.91,0.07,2,2,2,3,2,5.55,2
"350240",54.16,4.13,0.89,40.79,0.02,2,1,4,4,1,5.04,1
"350250",64.09,6.16,0.25,29.37,0.12,3,3,2,2,4,6.53,3
"350260",65.42,4.53,0.54,29.49,0.02,3,2,3,2,1,5.09,1
"350270",46.2,5.19,0.31,48.19,0.09,1,2,2,4,3,5.59,2
"350275",46.36,8.52,0.27,44.75,0.1,1,4,2,4,3,8.89,4
"350280",58.83,6.61,2.2,32.28,0.07,2,3,4,2,2,8.88,4
"350290",69.86,4.08,1.07,24.86,0.1,4,1,4,1,3,5.25,2
"350300",53.47,9.52,0.2,36.81,NA,2,4,1,3,NA,NA,NA
"350310",55.8,7,0.22,36.96,0.01,2,4,2,3,1,7.23,3
"350315",50.04,12.19,0.39,37.12,0.26,1,4,3,3,4,12.84,4
"350320",64.93,7.91,0.71,26.39,0.06,3,4,3,1,2,8.68,4
"350330",66.24,6.41,0.34,26.94,0.06,3,3,2,1,2,6.81,3
"350335",50.29,2.74,0.54,34.88,11.55,1,1,3,3,4,14.83,4
"350340",72.93,4.43,0.34,22.29,0.01,4,2,2,1,1,4.78,1
"350350",53.2,7.27,0.11,39.33,0.08,2,4,1,4,3,7.46,3
"350360",54.64,6.5,0.14,38.7,0.02,2,3,1,3,1,6.66,3
"350370",72.17,3.8,0.09,23.91,0.03,4,1,1,1,1,3.92,1
"350380",56.6,5.48,0.51,37.36,0.06,2,2,3,3,2,6.05,2
"350390",51.46,8.31,1.61,38.49,0.13,1,4,4,3,4,10.05,4
"350395",57.33,5.05,0.81,36.64,0.16,2,2,4,3,4,6.02,2
"350400",70.6,4.3,0.57,24.45,0.07,4,1,3,1,3,4.94,1
"350410",64.02,5.68,2.12,28.06,0.1,3,3,4,2,3,7.9,4
"350420",66.37,3.84,0.61,29.16,0.03,3,1,3,2,1,4.48,1
"350430",52,4.33,0.47,28.15,15.06,1,1,3,2,4,19.86,4
"350440",51.77,6.64,0.34,41.21,0.04,1,3,2,4,1,7.02,3
"350450",66.93,5.02,0.94,27.02,0.08,3,2,4,1,3,6.04,2
"350460",64.34,5.25,0.43,29.9,0.08,3,2,3,2,3,5.76,2
"350470",49.01,9.8,0.18,40.91,0.1,1,4,1,4,3,10.08,4
"350480",73.98,4.37,0.08,21.56,0.01,4,1,1,1,1,4.46,1
"350490",51.65,10.37,0.04,37.92,0.02,1,4,1,3,1,10.43,4
"350500",74.09,2.12,0.51,19.99,3.29,4,1,3,1,4,5.92,2
"350510",48.92,8.19,0.6,42.25,0.04,1,4,3,4,1,8.83,4
"350520",72.63,5.13,0.17,22.03,0.03,4,2,1,1,1,5.33,2
"350530",70.08,5.04,0.17,24.65,0.07,4,2,1,1,3,5.28,2
"350535",40.68,5.54,0.37,53.35,0.06,1,2,3,4,2,5.97,2
"350540",41.14,7.48,0.38,50.6,0.41,1,4,3,4,4,8.27,4
"350550",61.41,9.13,0.79,28.62,0.05,3,4,4,2,2,9.97,4
"350560",39.41,11.04,0.61,48.78,0.16,1,4,3,4,4,11.81,4
"350570",52.31,8.22,0.69,38.71,0.07,1,4,3,3,3,8.98,4
"350580",42.95,3.46,10.33,43.18,0.07,1,1,4,4,3,13.86,4
"350590",66.35,6.2,0.18,27.25,0.02,3,3,1,1,1,6.4,3
"350600",63.97,7.03,1.39,27.47,0.14,3,4,4,1,4,8.56,4
"350610",65.42,6.41,0.36,27.77,0.03,3,3,2,1,1,6.8,3
"350620",43.55,8.21,0.42,47.81,NA,1,4,3,4,NA,NA,NA
"350630",74.05,4.1,0.12,21.63,0.09,4,1,1,1,3,4.31,1
"350635",43.24,9.62,0.71,45.93,0.49,1,4,3,4,4,10.82,4
"350640",65.62,4.71,1.49,28.08,0.1,3,2,4,2,3,6.3,2
"350650",62.95,4.76,0.95,31.23,0.1,3,2,4,2,3,5.81,2
"350660",56.95,6.08,3.61,33.27,0.09,2,3,4,3,3,9.78,4
"350670",55.62,5.96,0.12,38.26,0.04,2,3,1,3,1,6.12,2
"350680",67.31,3.86,0.05,28.64,0.13,4,1,1,2,4,4.04,1
"350690",62.32,5.31,0.31,31.99,0.08,3,2,2,2,3,5.7,2
"350700",64.72,5.49,0.64,29.04,0.11,3,2,3,2,4,6.24,2
"350710",59.24,5.96,0.97,33.79,0.04,2,3,4,3,1,6.97,3
"350715",65.01,5.82,0.2,28.97,NA,3,3,1,2,NA,NA,NA
"350720",56.45,5.51,0.22,37.71,0.11,2,2,2,3,4,5.84,2
"350730",62.8,6.13,0.02,30.92,0.13,3,3,1,2,4,6.28,2
"350740",72.71,3.89,0.37,23.01,0.01,4,1,3,1,1,4.27,1
"350745",55.11,5.27,0.29,38.85,0.48,2,2,2,3,4,6.04,2
"350750",69.65,5.48,0.67,24.11,0.09,4,2,3,1,3,6.24,2
"350760",69.07,4.84,1.04,24.95,0.1,4,2,4,1,3,5.98,2
"350770",53.85,5.58,0.78,36.8,2.99,2,2,4,3,4,9.35,4
"350775",44.09,6.63,1.79,47.49,NA,1,3,4,4,NA,NA,NA
"350780",67.65,5.09,0.21,27.03,0.02,4,2,2,1,1,5.32,2
"350790",67.5,5.06,0.24,27.08,0.1,4,2,2,1,3,5.4,2
"350800",65.28,3.57,0.2,30.93,0.02,3,1,1,2,1,3.79,1
"350810",59.88,4.85,0.59,34.56,0.12,2,2,3,3,4,5.56,2
"350820",67.01,4.57,0.23,28.03,0.16,4,2,2,2,4,4.96,1
"350830",63.69,4.09,0.28,31.91,0.02,3,1,2,2,1,4.39,1
"350840",53.36,6.84,0.76,38.84,0.19,2,3,3,3,4,7.79,3
"350850",63.24,5.85,0.46,30.39,0.04,3,3,3,2,1,6.35,2
"350860",62.73,6.8,0.2,30.23,0.04,3,3,1,2,1,7.04,3
"350870",67.15,4.69,0.18,27.96,0.02,4,2,1,2,1,4.89,1
"350880",56.68,6.08,1.51,35.72,0.02,2,3,4,3,1,7.61,3
"350890",49.6,4.42,1.48,44.5,NA,1,2,4,4,NA,NA,NA
"350900",53.65,9.54,0.27,36.39,0.14,2,4,2,3,4,9.95,4
"350910",44.05,7.54,0.38,47.9,0.13,1,4,3,4,4,8.05,4
"350920",50.17,8.69,0.33,40.73,0.08,1,4,2,4,3,9.1,4
"350925",46.68,4.52,0.55,48.17,0.08,1,2,3,4,3,5.15,2
"350930",63.99,4.8,0.08,31.05,0.09,3,2,1,2,3,4.97,1
"350940",64.2,4.61,0.14,30.99,0.05,3,2,1,2,2,4.8,1
"350945",68.73,2.84,0.45,27.78,0.2,4,1,3,2,4,3.49,1
"350950",59.52,9.2,1.05,30.11,0.12,2,4,4,2,4,10.37,4
"350960",57.96,7.83,0.46,33.64,0.09,2,4,3,3,3,8.38,4
"350970",72.95,3.32,0.49,23.15,0.07,4,1,3,1,3,3.88,1
"350980",63.97,3.85,0.16,31.98,0.04,3,1,1,2,1,4.05,1
"350990",53.47,6.18,0.76,38.1,1.49,2,3,3,3,4,8.43,4
"350995",52.81,5.8,0.2,41.17,0.02,2,3,1,4,1,6.02,2
"351000",70.77,3.62,0.16,25.38,0.07,4,1,1,1,3,3.85,1
"351010",71.62,3.5,0.52,24.33,0.03,4,1,3,1,1,4.05,1
"351015",52.86,7.81,0.27,38.87,0.19,2,4,2,3,4,8.27,4
"351020",67.65,2.82,1.49,27.93,0.09,4,1,4,2,3,4.4,1
"351030",70.5,3.08,0.2,26.17,0.05,4,1,1,1,2,3.33,1
"351040",62.69,9.26,0.18,27.82,0.04,3,4,1,2,1,9.48,4
"351050",56.59,7.25,0.73,35.23,0.2,2,4,3,3,4,8.18,4
"351060",45.83,11.1,0.29,42.66,0.11,1,4,2,4,4,11.5,4
"351070",52.07,6.61,0.69,40.52,0.11,1,3,3,4,4,7.41,3
"351080",64.2,6.93,0.2,28.61,0.06,3,4,1,2,2,7.19,3
"351090",68.67,5.79,0.04,25.47,0.04,4,3,1,1,1,5.87,2
"351100",45.02,6.55,0.7,47.62,0.11,1,3,3,4,4,7.36,3
"351110",69.12,5.85,0.5,24.46,0.07,4,3,3,1,3,6.42,3
"351120",62.2,3.73,0.07,33.94,0.06,3,1,1,3,2,3.86,1
"351130",66.41,5.75,0.17,27.56,0.11,3,3,1,1,4,6.03,2
"351140",67.78,4.13,0.24,27.82,0.03,4,1,2,2,1,4.4,1
"351150",71.94,3.87,0.31,23.79,0.08,4,1,2,1,3,4.26,1
"351160",72.25,3.2,0.29,24.2,0.05,4,1,2,1,2,3.54,1
"351170",65.56,4.94,0.08,29.38,0.04,3,2,1,2,1,5.06,1
"351190",52.02,6.47,0.7,40.59,0.21,1,3,3,4,4,7.38,3
"351200",56.5,5.9,0.35,37.11,0.14,2,3,2,3,4,6.39,3
"351210",42.36,10.94,1.7,44.95,0.05,1,4,4,4,2,12.69,4
"351220",57.84,6.3,0.62,35.2,0.04,2,3,3,3,1,6.96,3
"351230",76.76,3.81,0.34,19.08,0.01,4,1,2,1,1,4.16,1
"351240",64.15,7.14,0.14,28.54,0.02,3,4,1,2,1,7.3,3
"351250",60.85,5.74,0.46,32.74,0.2,2,3,3,2,4,6.4,3
"351260",64.39,3.86,0.91,30.75,0.09,3,1,4,2,3,4.86,1
"351270",65.82,4.79,0.05,29.23,0.12,3,2,1,2,4,4.96,1
"351280",52.97,8.69,0.36,37.93,0.05,2,4,2,3,2,9.1,4
"351290",63.68,6.14,0.17,29.95,0.07,3,3,1,2,3,6.38,3
"351300",50.53,9.07,1.1,39.18,0.12,1,4,4,4,4,10.29,4
"351310",65.47,6.05,0.33,28.1,0.05,3,3,2,2,2,6.43,3
"351320",55.3,7.83,0.39,36.39,0.1,2,4,3,3,3,8.32,4
"351330",63.43,2.13,0.47,33.92,0.05,3,1,3,3,2,2.65,1
"351340",67.41,6.88,0.17,25.49,0.05,4,3,1,1,2,7.1,3
"351350",39.37,11.02,0.13,49.39,0.09,1,4,1,4,3,11.24,4
"351360",65.68,3,0.28,31.01,0.03,3,1,2,2,1,3.31,1
"351370",69.82,4.51,0.23,25.37,0.07,4,2,2,1,3,4.81,1
"351380",45.48,10.79,0.54,43.12,0.07,1,4,3,4,3,11.4,4
"351385",60.8,2.9,0.8,35.37,0.12,2,1,4,3,4,3.82,1
"351390",78.2,2.82,0.04,18.87,0.08,4,1,1,1,3,2.94,1
"351400",45.28,7.11,0.06,47.36,0.19,1,4,1,4,4,7.36,3
"351410",66.77,5.07,0.12,27.94,0.08,3,2,1,2,3,5.27,2
"351420",62.66,5.44,0.59,31.31,NA,3,2,3,2,NA,NA,NA
"351430",72.54,4.83,0.09,22.54,NA,4,2,1,1,NA,NA,NA
"351440",63.03,3.95,2.12,30.85,0.05,3,1,4,2,2,6.12,2
"351450",63,5.74,1.27,29.7,0.29,3,3,4,2,4,7.3,3
"351460",54.25,6.3,0.12,39.3,0.03,2,3,1,4,1,6.45,3
"351470",60.03,4.66,0.19,35.1,0.02,2,2,1,3,1,4.87,1
"351480",37.09,13.05,0.38,48.63,0.85,1,4,3,4,4,14.28,4
"351490",59.07,4.89,0.31,35.74,0.01,2,2,2,3,1,5.21,2
"351492",69.22,3.7,0.19,26.86,0.03,4,1,1,1,1,3.92,1
"351495",68.83,4.09,NA,27.03,0.04,4,1,NA,1,1,NA,NA
"351500",38.16,13.44,0.38,47.92,0.1,1,4,3,4,3,13.92,4
"351510",47.26,8.74,0.69,43.17,0.14,1,4,3,4,4,9.57,4
"351512",53.85,5.08,2.06,39.02,NA,2,2,4,3,NA,NA,NA
"351515",49.31,7.29,0.21,43.1,0.09,1,4,2,4,3,7.59,3
"351518",76.54,5.09,0.16,18.15,0.05,4,2,1,1,2,5.3,2
"351519",60.72,5.05,0.29,33.92,0.02,2,2,2,3,1,5.36,2
"351520",65.2,4.69,0.52,29.53,0.05,3,2,3,2,2,5.26,2
"351530",47.95,4.4,1.11,46.47,0.07,1,2,4,4,3,5.58,2
"351535",33.67,7.74,0.25,58.29,0.04,1,4,2,4,1,8.03,4
"351540",77.13,2.94,0.39,19.5,0.04,4,1,3,1,1,3.37,1
"351550",67.96,4.49,0.92,26.55,0.07,4,2,4,1,3,5.48,2
"351560",72.8,4.06,0.44,22.62,0.08,4,1,3,1,3,4.58,1
"351565",59.84,3.26,1.21,35.63,0.06,2,1,4,3,2,4.53,1
"351570",42.85,11.95,0.22,44.85,0.12,1,4,2,4,4,12.29,4
"351580",48.89,4.51,0.67,45.93,NA,1,2,3,4,NA,NA,NA
"351590",74.2,3.73,0.26,21.77,0.04,4,1,2,1,2,4.03,1
"351600",53.64,5.53,1.08,39.72,0.03,2,2,4,4,1,6.64,3
"351610",53.16,6.47,0.16,40.15,0.08,2,3,1,4,3,6.71,3
"351620",63.98,7.48,0.22,28.26,0.07,3,4,2,2,3,7.77,3
"351630",37.66,13.14,0.11,49,0.08,1,4,1,4,3,13.33,4
"351640",45.14,11.04,0.17,43.57,0.07,1,4,1,4,3,11.28,4
"351650",61.89,4.05,2.06,31.99,NA,3,1,4,2,NA,NA,NA
"351660",56.25,6.21,1.02,36.47,0.05,2,3,4,3,2,7.28,3
"351670",58.63,6.74,1.34,33.22,0.07,2,3,4,3,3,8.15,4
"351680",56.3,6.27,0.15,37.24,0.03,2,3,1,3,1,6.45,3
"351685",51.74,6.74,0.15,41.37,NA,1,3,1,4,NA,NA,NA
"351690",60.53,5.11,0.2,34.1,0.06,2,2,2,3,2,5.37,2
"351700",45.78,7.81,1.18,45.22,0.01,1,4,4,4,1,9,4
"351710",58.07,5.85,0.48,35.6,NA,2,3,3,3,NA,NA,NA
"351720",51.58,6.81,1.33,40.18,0.1,1,3,4,4,3,8.24,4
"351730",42.07,6.42,2.65,48.86,NA,1,3,4,4,NA,NA,NA
"351740",55.38,7.47,2.01,35.08,0.04,2,4,4,3,2,9.52,4
"351750",58.69,5.9,0.25,35.04,0.11,2,3,2,3,4,6.26,2
"351760",49.55,2.31,1.13,46.99,0.01,1,1,4,4,1,3.45,1
"351770",48.66,11.97,0.43,38.91,0.03,1,4,3,3,1,12.43,4
"351780",53.1,4.65,3.39,38.87,NA,2,2,4,3,NA,NA,NA
"351790",52.27,8.09,0.37,39.19,0.09,1,4,3,4,3,8.55,4
"351800",65.7,6.4,0.46,27.44,NA,3,3,3,1,NA,NA,NA
"351810",53.4,5.34,0.78,40.44,0.05,2,2,4,4,2,6.17,2
"351820",53.41,5.58,1.79,39.16,0.06,2,2,4,4,2,7.43,3
"351830",58.84,6.34,1.21,33.44,0.17,2,3,4,3,4,7.72,3
"351840",64.7,5.87,0.34,29.05,0.05,3,3,2,2,2,6.26,2
"351850",63.96,4.06,0.2,31.43,0.11,3,1,2,2,4,4.37,1
"351860",42.67,9.37,0.19,47.73,0.04,1,4,1,4,2,9.6,4
"351870",41.85,9.53,0.27,48.17,0.17,1,4,2,4,4,9.97,4
"351880",48.64,9.53,0.94,40.77,0.12,1,4,4,4,4,10.59,4
"351885",48.85,7.16,3.5,40.42,0.07,1,4,4,4,3,10.73,4
"351890",50.52,7.75,0.38,41.36,NA,1,4,3,4,NA,NA,NA
"351900",49.03,4.82,0.48,45.52,0.14,1,2,3,4,4,5.44,2
"351905",60.62,3.85,0.4,35.1,0.03,2,1,3,3,1,4.28,1
"351907",48.37,9.51,0.39,41.62,0.1,1,4,3,4,3,10,4
"351910",66.64,4.13,0.48,28.68,0.08,3,1,3,2,3,4.69,1
"351920",53.45,4.05,1.65,40.74,0.11,2,1,4,4,4,5.81,2
"351925",48.26,7.24,0.1,44.28,0.11,1,4,1,4,4,7.45,3
"351930",53.63,7.38,0.13,38.78,0.07,2,4,1,3,3,7.58,3
"351940",71.22,3.39,0.38,24.96,0.04,4,1,3,1,2,3.81,1
"351950",68.6,4.45,0.28,26.58,0.05,4,2,2,1,2,4.78,1
"351960",66.88,5.28,0.31,27.44,0.08,3,2,2,1,3,5.67,2
"351970",58.43,5.02,2.35,34.08,0.1,2,2,4,3,3,7.47,3
"351980",50.66,7.61,0.55,41.09,0.09,1,4,3,4,3,8.25,4
"351990",68.46,3.12,0.38,28.04,NA,4,1,3,2,NA,NA,NA
"352000",57.08,7.5,0.14,35.21,0.07,2,4,1,3,3,7.71,3
"352010",51.62,7.84,0.25,40.28,0.01,1,4,2,4,1,8.1,4
"352020",61.39,6.07,0.32,32.02,0.2,3,3,2,2,4,6.59,3
"352030",50.42,4.9,1.15,42.45,1.07,1,2,4,4,4,7.12,3
"352040",51.16,7.56,0.42,40.54,0.32,1,4,3,4,4,8.3,4
"352042",55.63,6.46,0.91,36.81,0.19,2,3,4,3,4,7.56,3
"352044",52.34,6.25,1.56,39.78,0.07,1,3,4,4,3,7.88,4
"352050",64.07,5.46,1.31,29.08,0.07,3,2,4,2,3,6.84,3
"352060",61.02,6.11,0.31,32.5,0.06,3,3,2,2,2,6.48,3
"352070",56.46,4.71,0.32,38.49,0.02,2,2,2,3,1,5.05,1
"352080",54.38,4.76,1.08,39.64,0.14,2,2,4,4,4,5.98,2
"352090",64.48,5.7,0.15,29.6,0.07,3,3,1,2,3,5.92,2
"352100",55.89,7.16,0.21,36.68,0.05,2,4,2,3,2,7.42,3
"352110",59.7,6.44,0.22,33.57,0.07,2,3,2,3,3,6.73,3
"352115",62.89,4.63,0.55,31.79,0.15,3,2,3,2,4,5.33,2
"352120",22.05,16.26,0.2,61.17,0.32,1,4,2,4,4,16.78,4
"352130",51.57,6.7,0.17,41.54,0.01,1,3,1,4,1,6.88,3
"352140",63.79,6.19,0.24,29.75,0.03,3,3,2,2,1,6.46,3
"352150",66.72,3.42,0.04,29.78,0.03,3,1,1,2,1,3.49,1
"352160",50.23,7.49,2.43,39.83,0.01,1,4,4,4,1,9.93,4
"352170",70.54,2.77,0.28,26.39,0.02,4,1,2,1,1,3.07,1
"352180",63.79,3.91,0.97,31.29,0.02,3,1,4,2,1,4.9,1
"352190",71.63,3.54,0.27,24.51,0.04,4,1,2,1,2,3.85,1
"352200",65.06,4.04,0.14,30.62,0.14,3,1,1,2,4,4.32,1
"352210",51.74,8.75,0.52,38.54,0.44,1,4,3,3,4,9.71,4
"352215",30.57,6.34,0.2,62.89,NA,1,3,2,4,NA,NA,NA
"352220",41.97,11.8,0.55,45.5,0.16,1,4,3,4,4,12.51,4
"352230",69.74,3.47,1.02,25.69,0.08,4,1,4,1,3,4.57,1
"352240",69.43,3.43,0.54,26.57,0.04,4,1,3,1,2,4.01,1
"352250",38.92,10.67,0.18,50.18,0.04,1,4,1,4,2,10.89,4
"352260",71.82,5.45,0.26,22.43,0.04,4,2,2,1,2,5.75,2
"352265",50.49,2.6,0.05,46.86,NA,1,1,1,4,NA,NA,NA
"352270",71.79,3.68,0.31,24.2,0.02,4,1,2,1,1,4.01,1
"352280",73.84,2.71,1.33,21.63,0.48,4,1,4,1,4,4.52,1
"352290",62.15,6.86,0.12,30.87,0.01,3,3,1,2,1,6.99,3
"352300",37.95,6.91,0.5,54.64,NA,1,4,3,4,NA,NA,NA
"352310",39.81,10.68,0.27,49.09,0.13,1,4,2,4,4,11.08,4
"352320",74.05,3.25,0.36,22.23,0.11,4,1,2,1,4,3.72,1
"352330",43.47,7.25,2.27,46.47,0.54,1,4,4,4,4,10.06,4
"352340",63.16,6.79,0.68,29.33,0.04,3,3,3,2,2,7.51,3
"352350",63.03,5.99,0.08,30.82,0.07,3,3,1,2,3,6.14,2
"352360",58.58,7.39,0.24,33.74,0.05,2,4,2,3,2,7.68,3
"352370",51.55,8.6,0.26,39.54,0.05,1,4,2,4,2,8.91,4
"352380",60.44,5.8,0.12,33.62,0.01,2,3,1,3,1,5.93,2
"352390",62.39,6.56,0.47,30.51,0.07,3,3,3,2,3,7.1,3
"352400",55.79,6.62,0.85,36.67,0.06,2,3,4,3,2,7.53,3
"352410",58.27,7.47,0.84,33.37,0.05,2,4,4,3,2,8.36,4
"352420",52.26,8.52,0.29,38.61,0.32,1,4,2,3,4,9.13,4
"352430",65.03,6.65,0.87,27.42,0.03,3,3,4,1,1,7.55,3
"352440",64.4,6.19,0.87,28.47,0.07,3,3,4,2,3,7.13,3
"352450",60.9,5.96,0.26,32.81,0.07,2,3,2,2,3,6.29,2
"352460",51.12,4.13,0.38,44.28,0.09,1,1,3,4,3,4.6,1
"352470",64.5,5.39,0.5,29.55,0.05,3,2,3,2,2,5.94,2
"352480",69.22,3.41,1.82,25.53,0.02,4,1,4,1,1,5.25,2
"352490",66.47,4.47,0.53,28.47,0.06,3,2,3,2,2,5.06,1
"352500",46.51,10.31,0.42,42.69,0.07,1,4,3,4,3,10.8,4
"352510",57.23,7.93,0.31,34.48,0.04,2,4,2,3,2,8.28,4
"352520",54.62,5.6,0.57,39.12,0.09,2,2,3,3,3,6.26,2
"352530",71.42,5.69,0.25,22.59,0.04,4,3,2,1,2,5.98,2
"352540",46,10.23,0.34,43.28,0.1,1,4,2,4,3,10.67,4
"352550",69.61,3.49,0.37,26.48,0.06,4,1,3,1,2,3.92,1
"352560",51.38,8.3,0.3,39.95,0.07,1,4,2,4,3,8.67,4
"352570",68.32,4.13,0.22,27.31,0.02,4,1,2,1,1,4.37,1
"352580",43.46,4.58,0.59,51.34,0.02,1,2,3,4,1,5.19,2
"352585",64.46,6.18,0.03,29.29,0.03,3,3,1,2,1,6.24,2
"352590",69.74,5.62,0.91,23.65,0.06,4,3,4,1,2,6.59,3
"352600",57.02,4.57,1.72,36.63,0.05,2,2,4,3,2,6.34,2
"352610",45.28,5.9,1.55,47.11,0.16,1,3,4,4,4,7.61,3
"352620",55.39,6.08,0.5,37.9,0.12,2,3,3,3,4,6.7,3
"352630",71.77,3.54,0.16,24.47,0.06,4,1,1,1,2,3.76,1
"352640",67.1,6.53,0.31,26.05,0.01,4,3,2,1,1,6.85,3
"352650",46.52,10.74,1.15,41.47,0.07,1,4,4,4,3,11.96,4
"352660",62.07,5.54,0.26,32.12,0.01,3,2,2,2,1,5.81,2
"352670",65.17,5.42,0.27,29.1,0.05,3,2,2,2,2,5.74,2
"352680",67.14,4.66,0.24,27.91,0.05,4,2,2,2,2,4.95,1
"352690",65.23,6.76,0.37,27.58,0.06,3,3,3,1,2,7.19,3
"352700",73.31,4.08,0.44,22.17,NA,4,1,3,1,NA,NA,NA
"352710",58.17,7.16,1.79,32.83,0.05,2,4,4,3,2,9,4
"352720",62.62,6.87,0.4,30.03,0.07,3,3,3,2,3,7.34,3
"352725",61.85,6.72,0.46,30.97,NA,3,3,3,2,NA,NA,NA
"352730",53.68,6.65,0.34,39.26,0.07,2,3,2,4,3,7.06,3
"352740",58.03,5.16,1.04,35.75,0.02,2,2,4,3,1,6.22,2
"352750",59.7,4.68,0.51,35.08,0.04,2,2,3,3,2,5.23,2
"352760",49.88,8.45,0.28,41.32,0.07,1,4,2,4,3,8.8,4
"352770",46.93,6.04,0.13,46.76,0.15,1,3,1,4,4,6.32,2
"352780",48.46,7.46,0.3,43.76,0.03,1,4,2,4,1,7.79,3
"352790",55.73,4.89,0.26,39.05,0.08,2,2,2,3,3,5.23,2
"352800",60.56,6.29,0.06,33.04,0.05,2,3,1,3,2,6.4,3
"352810",73.23,3.8,0.35,22.6,0.03,4,1,2,1,1,4.18,1
"352820",64.67,3.73,0.56,31.01,0.03,3,1,3,2,1,4.32,1
"352830",68.31,3.29,0.06,28.25,0.09,4,1,1,2,3,3.44,1
"352840",52.66,7.12,1,39.12,0.1,2,4,4,3,3,8.22,4
"352850",56.14,6.63,0.74,36.38,0.11,2,3,3,3,4,7.48,3
"352860",72.91,3.43,0.12,23.51,0.02,4,1,1,1,1,3.57,1
"352870",40,7.22,0.26,52.44,0.09,1,4,2,4,3,7.57,3
"352880",64.42,4.45,0.13,30.95,0.06,3,2,1,2,2,4.64,1
"352885",73.88,4.16,0.18,21.78,NA,4,1,1,1,NA,NA,NA
"352890",61.14,3.5,0.57,34.79,NA,3,1,3,3,NA,NA,NA
"352900",59.93,5.95,2.39,31.65,0.09,2,3,4,2,3,8.43,4
"352910",59.09,5.32,0.65,34.89,0.05,2,2,3,3,2,6.02,2
"352920",56.14,5.73,0.57,37.51,0.04,2,3,3,3,2,6.34,2
"352930",62.56,6.02,0.45,30.94,0.02,3,3,3,2,1,6.49,3
"352940",50.37,9.06,0.39,40.09,0.09,1,4,3,4,3,9.54,4
"352950",65.32,5.1,0.21,29.31,0.05,3,2,2,2,2,5.36,2
"352960",65.05,4.16,0.39,30.38,0.02,3,1,3,2,1,4.57,1
"352965",57.53,7.38,0.1,34.99,NA,2,4,1,3,NA,NA,NA
"352970",53.49,6.56,0.76,39.12,0.06,2,3,3,3,2,7.38,3
"352980",66.53,4.04,0.06,29.34,0.03,3,1,1,2,1,4.13,1
"352990",46.77,5.94,1.06,45.45,0.78,1,3,4,4,4,7.78,3
"353000",64.49,4.77,0.35,30.39,NA,3,2,2,2,NA,NA,NA
"353010",54.03,5.23,3.66,37.01,0.06,2,2,4,3,2,8.95,4
"353020",46.47,5.05,1.53,46.88,0.06,1,2,4,4,2,6.64,3
"353030",67.83,5.2,0.32,26.56,0.09,4,2,2,1,3,5.61,2
"353040",65.17,6.04,0.06,28.72,NA,3,3,1,2,NA,NA,NA
"353050",65.92,5.46,0.2,28.37,0.04,3,2,2,2,2,5.7,2
"353060",54.94,8.47,3.68,32.79,0.12,2,4,4,2,4,12.27,4
"353070",72.67,4.37,0.23,22.68,0.04,4,1,2,1,2,4.64,1
"353080",72.79,4.86,0.45,21.76,0.13,4,2,3,1,4,5.44,2
"353090",57.44,6.74,0.03,35.79,NA,2,3,1,3,NA,NA,NA
"353100",71.86,6.35,0.05,21.73,NA,4,3,1,1,NA,NA,NA
"353110",44.42,15.22,0.3,39.28,0.79,1,4,2,4,4,16.31,4
"353120",74.56,4.45,0.41,20.56,0.02,4,2,3,1,1,4.88,1
"353130",70.81,4.97,0.82,23.35,0.05,4,2,4,1,2,5.84,2
"353140",67.19,5.48,0.27,26.97,0.06,4,2,2,1,2,5.81,2
"353150",70.57,4.43,0.1,24.88,0.01,4,2,1,1,1,4.54,1
"353160",61.35,5.68,0.38,32.59,NA,3,3,3,2,NA,NA,NA
"353170",65.1,5.99,0.39,28.47,0.05,3,3,3,2,2,6.43,3
"353180",48.91,8.26,0.23,42.53,0.07,1,4,2,4,3,8.56,4
"353190",45.53,8.82,0.52,45.12,0.02,1,4,3,4,1,9.36,4
"353200",60.82,5.27,0.36,33.49,0.06,2,2,2,3,2,5.69,2
"353205",51.91,9.49,0.1,38.42,0.07,1,4,1,3,3,9.66,4
"353210",60.74,4.79,1.07,33.32,0.08,2,2,4,3,3,5.94,2
"353215",45.45,7.71,0.34,46.47,0.04,1,4,2,4,2,8.09,4
"353220",42.01,6.69,0.84,50.45,0.02,1,3,4,4,1,7.55,3
"353230",68.84,3.61,0.2,27.29,0.06,4,1,2,1,2,3.87,1
"353240",64.01,4.84,0.38,30.69,0.07,3,2,3,2,3,5.29,2
"353250",70.72,5.32,0.1,23.83,0.03,4,2,1,1,1,5.45,2
"353260",70.77,3.98,0.13,25.1,0.02,4,1,1,1,1,4.13,1
"353270",55.37,5.75,0.11,38.72,0.06,2,3,1,3,2,5.92,2
"353280",67.55,6.77,0.24,25.28,0.16,4,3,2,1,4,7.17,3
"353282",64.61,3.24,0.15,31.94,0.06,3,1,1,2,2,3.45,1
"353284",61.91,5.36,0.34,32.38,NA,3,2,2,2,NA,NA,NA
"353286",64.03,1.88,0.19,33.9,NA,3,1,1,3,NA,NA,NA
"353290",52.77,7.97,0.55,38.67,0.04,2,4,3,3,2,8.56,4
"353300",58.45,6.97,0.19,34.27,0.12,2,4,1,3,4,7.28,3
"353310",65.45,6.45,0.51,27.6,NA,3,3,3,1,NA,NA,NA
"353320",45.95,7.33,0.17,46.52,0.02,1,4,1,4,1,7.52,3
"353325",48.21,9.22,0.23,42.34,NA,1,4,2,4,NA,NA,NA
"353330",54.64,6.59,0.25,38.53,NA,2,3,2,3,NA,NA,NA
"353340",65.43,5.92,0.33,28.22,0.1,3,3,2,2,3,6.35,3
"353350",69.43,4.18,0.28,26.04,0.07,4,1,2,1,3,4.53,1
"353360",68,5.59,0.12,26.15,0.14,4,2,1,1,4,5.85,2
"353370",58.99,5.15,0.32,35.53,NA,2,2,2,3,NA,NA,NA
"353380",72.97,3.42,0.08,23.49,0.04,4,1,1,1,2,3.54,1
"353390",64.7,5.98,0.33,28.94,0.04,3,3,2,2,2,6.35,3
"353400",54.18,8.61,0.65,36.2,0.36,2,4,3,3,4,9.62,4
"353410",53.97,7.69,0.58,37.77,NA,2,4,3,3,NA,NA,NA
"353420",51.18,7.52,0.81,40.49,NA,1,4,4,4,NA,NA,NA
"353430",57.16,7.07,0.2,35.53,0.04,2,4,2,3,2,7.31,3
"353440",51.83,9.53,0.8,37.76,0.07,1,4,4,3,3,10.4,4
"353450",64.62,3.08,2.71,29.43,0.16,3,1,4,2,4,5.95,2
"353460",61.32,4.19,1.6,32.84,0.04,3,1,4,3,2,5.83,2
"353470",67.46,5.48,1.18,25.78,0.09,4,2,4,1,3,6.75,3
"353475",58.48,5.38,1.03,35.1,0.01,2,2,4,3,1,6.42,3
"353480",44.9,6.4,0.27,48.3,0.13,1,3,2,4,4,6.8,3
"353490",45.24,6.42,2.33,45.93,0.08,1,3,4,4,3,8.83,4
"353500",58.3,5.65,0.2,35.78,0.08,2,3,2,3,3,5.93,2
"353510",48.85,9.42,0.12,41.51,0.09,1,4,1,4,3,9.63,4
"353520",65.87,4.48,1.82,27.81,0.01,3,2,4,2,1,6.31,2
"353530",75.51,3.58,0.15,20.71,0.05,4,1,1,1,2,3.78,1
"353540",51.9,4.7,0.45,42.95,NA,1,2,3,4,NA,NA,NA
"353550",57.23,5.05,0.72,36.89,0.11,2,2,3,3,4,5.88,2
"353560",67.11,3.45,0.27,29.06,0.11,4,1,2,2,4,3.83,1
"353570",71.04,5.28,0.26,23.2,0.21,4,2,2,1,4,5.75,2
"353580",66.39,3.27,0.24,30.05,0.05,3,1,2,2,2,3.56,1
"353590",54.53,5.88,2.65,36.94,NA,2,3,4,3,NA,NA,NA
"353600",55.17,4.57,1.56,38.56,0.13,2,2,4,3,4,6.26,2
"353610",65.72,5.58,0.29,28.38,0.03,3,2,2,2,1,5.9,2
"353620",52.32,5.29,0.79,40.84,0.77,1,2,4,4,4,6.85,3
"353625",64.18,3.11,0.03,32.64,0.03,3,1,1,2,1,3.17,1
"353630",52.07,9.61,0.08,38.18,0.05,1,4,1,3,2,9.74,4
"353640",47.99,4.25,0.63,47.12,0.01,1,1,3,4,1,4.89,1
"353650",62.92,6.46,1.05,29.52,0.05,3,3,4,2,2,7.56,3
"353657",62.97,4.02,0.14,32.82,0.05,3,1,1,3,2,4.21,1
"353660",48.84,12.01,0.61,38.53,0.01,1,4,3,3,1,12.63,4
"353670",61.63,6.36,0.14,31.82,0.04,3,3,1,2,2,6.54,3
"353680",72.87,2.59,0.37,24.05,0.12,4,1,3,1,4,3.08,1
"353690",70.58,4.38,0.22,24.69,0.14,4,1,2,1,4,4.74,1
"353700",56.68,8.61,0.12,34.51,0.08,2,4,1,3,3,8.81,4
"353710",67.22,4.11,0.13,28.48,0.06,4,1,1,2,2,4.3,1
"353715",68.37,2.67,0.21,28.71,0.04,4,1,2,2,2,2.92,1
"353720",53.34,6.1,1.27,39.1,0.2,2,3,4,3,4,7.57,3
"353730",65.56,4.59,0.82,28.99,0.05,3,2,4,2,2,5.46,2
"353740",43.85,6.73,4.18,45.18,0.06,1,3,4,4,2,10.97,4
"353750",67.04,4.99,0.11,27.69,0.17,4,2,1,1,4,5.27,2
"353760",52.38,7.47,0.87,38.49,0.79,1,4,4,3,4,9.13,4
"353770",53.76,4.64,0.76,40.71,0.13,2,2,3,4,4,5.53,2
"353780",71.67,2.41,2.24,23.64,0.04,4,1,4,1,2,4.69,1
"353790",65.06,3.31,3.01,28.59,0.04,3,1,4,2,2,6.36,3
"353800",60.36,6.44,0.67,32.45,0.07,2,3,3,2,3,7.18,3
"353810",68.71,3.67,0.18,27.4,0.04,4,1,1,1,2,3.89,1
"353820",75.72,3.63,0.39,20.22,0.03,4,1,3,1,1,4.05,1
"353830",52.57,4.87,0.43,42.13,NA,1,2,3,4,NA,NA,NA
"353850",62.11,7.54,0.13,30.14,0.09,3,4,1,2,3,7.76,3
"353860",66.05,4.83,1.11,27.89,0.12,3,2,4,2,4,6.06,2
"353870",64.27,7.87,0.49,27.28,0.08,3,4,3,1,3,8.44,4
"353880",78.53,3.18,0.4,17.82,0.06,4,1,3,1,2,3.64,1
"353890",60.87,6.79,0.44,31.83,0.08,2,3,3,2,3,7.31,3
"353900",70.75,3.76,0.18,25.29,0.02,4,1,1,1,1,3.96,1
"353910",41.31,9.9,0.27,48.33,0.19,1,4,2,4,4,10.36,4
"353920",51.55,6.54,1.81,39.97,0.12,1,3,4,4,4,8.47,4
"353930",68.08,5.83,0.3,25.7,0.08,4,3,2,1,3,6.21,2
"353940",69.54,4.91,0.93,24.49,0.13,4,2,4,1,4,5.97,2
"353950",52.25,7.2,0.12,40.38,0.05,1,4,1,4,2,7.37,3
"353960",53.27,5.54,0.36,40.67,0.11,2,2,2,4,4,6.01,2
"353970",60.96,5.26,0.33,33.39,0.07,2,2,2,3,3,5.66,2
"353980",49.2,11.74,0.5,38.47,0.08,1,4,3,3,3,12.32,4
"353990",62.64,6.38,0.2,30.69,0.09,3,3,2,2,3,6.67,3
"354000",54.79,5.93,2.4,36.78,0.1,2,3,4,3,3,8.43,4
"354010",75.96,3.03,0.21,20.74,0.06,4,1,2,1,2,3.3,1
"354020",41.13,9.63,0.09,49.07,0.07,1,4,1,4,3,9.79,4
"354025",48.19,8.82,0.1,42.89,NA,1,4,1,4,NA,NA,NA
"354030",58.53,6.24,0.5,34.73,NA,2,3,3,3,NA,NA,NA
"354040",59.85,6.37,0.32,33.46,NA,2,3,2,3,NA,NA,NA
"354050",69.31,4.76,0.24,25.66,0.03,4,2,2,1,1,5.03,1
"354060",64.48,6.98,0.33,28.19,0.02,3,4,2,2,1,7.33,3
"354070",61.97,6.68,0.1,31.21,0.04,3,3,1,2,2,6.82,3
"354075",54.85,6.61,0.14,38.33,0.05,2,3,1,3,2,6.8,3
"354080",69.36,3.14,0.21,27.23,0.08,4,1,2,1,3,3.43,1
"354085",39.64,10.98,0.12,49.26,NA,1,4,1,4,NA,NA,NA
"354090",58.39,5.26,0.07,36.26,0.02,2,2,1,3,1,5.35,2
"354100",52.1,9.17,0.51,38.06,0.15,1,4,3,3,4,9.83,4
"354105",57.04,6.52,0.2,36.13,0.12,2,3,2,3,4,6.84,3
"354110",61.57,6.28,0.13,31.94,0.08,3,3,1,2,3,6.49,3
"354120",60.94,5.46,1.55,32.01,0.04,2,2,4,2,2,7.05,3
"354130",46.56,6.55,1.21,45.57,0.1,1,3,4,4,3,7.86,4
"354140",59.25,6.42,2.49,31.75,0.09,2,3,4,2,3,9,4
"354150",55.58,5.18,2.06,37.14,0.03,2,2,4,3,1,7.27,3
"354160",58.75,4.86,1.22,35.15,0.02,2,2,4,3,1,6.1,2
"354165",66.81,4.35,0.5,27.87,0.47,3,1,3,2,4,5.32,2
"354170",52.12,5.85,0.21,41.8,0.02,1,3,2,4,1,6.08,2
"354180",39.51,5.64,0.15,54.67,0.03,1,3,1,4,1,5.82,2
"354190",56.93,6.95,0.12,35.93,0.07,2,4,1,3,3,7.14,3
"354200",52.53,6.28,1.07,40,0.13,1,3,4,4,4,7.48,3
"354210",64.87,7.24,0.17,27.69,0.02,3,4,1,1,1,7.43,3
"354220",57.91,5.05,0.93,36.03,0.07,2,2,4,3,3,6.05,2
"354230",66.96,3.96,0.45,28.62,0.02,4,1,3,2,1,4.43,1
"354240",57.72,5.07,1.67,35.49,0.04,2,2,4,3,2,6.78,3
"354250",60.05,6.53,0.13,33.27,0.03,2,3,1,3,1,6.69,3
"354260",53.03,5.16,3.36,38.33,0.13,2,2,4,3,4,8.65,4
"354270",52.78,7.28,0.16,39.74,0.05,2,4,1,4,2,7.49,3
"354280",43.84,4.41,0.06,51.69,NA,1,2,1,4,NA,NA,NA
"354290",50.7,10.35,0.33,38.55,0.08,1,4,2,3,3,10.76,4
"354300",60.7,3.03,0.41,35.75,0.1,2,1,3,3,4,3.54,1
"354310",45.31,11.37,0.41,42.8,0.11,1,4,3,4,4,11.89,4
"354320",75.39,3.63,0.28,20.7,NA,4,1,2,1,NA,NA,NA
"354323",60.44,3.16,0.05,36.35,NA,2,1,1,3,NA,NA,NA
"354325",70.66,1.65,0.39,27.23,0.07,4,1,3,1,3,2.11,1
"354330",56.68,7.21,0.99,34.94,0.17,2,4,4,3,4,8.37,4
"354340",63.64,8.04,0.79,27.44,0.09,3,4,4,1,3,8.92,4
"354350",68.58,2.75,0.11,28.52,0.04,4,1,1,2,2,2.9,1
"354360",64.86,4.45,0.05,30.62,0.02,3,2,1,2,1,4.52,1
"354370",55.87,7.09,0.27,36.73,0.03,2,4,2,3,1,7.39,3
"354380",56.36,3.83,1.25,38.5,0.04,2,1,4,3,2,5.12,2
"354390",67.64,6.58,0.39,25.32,0.06,4,3,3,1,2,7.03,3
"354400",57.02,6.52,0.12,36.3,0.04,2,3,1,3,2,6.68,3
"354410",42.84,10.72,0.4,45.94,0.1,1,4,3,4,4,11.22,4
"354420",42.86,7.93,0.82,48.36,0.03,1,4,4,4,1,8.78,4
"354425",44.1,6.8,0.56,48.33,0.21,1,3,3,4,4,7.57,3
"354430",57.37,5.28,0.31,36.98,0.06,2,2,2,3,2,5.65,2
"354440",48.7,5.41,0.85,44.63,0.41,1,2,4,4,4,6.67,3
"354450",57.92,4.44,0.91,36.73,NA,2,2,4,3,NA,NA,NA
"354460",61.87,3.54,0.29,34.25,0.04,3,1,2,3,2,3.87,1
"354470",44.54,6.02,0.77,48.5,0.16,1,3,4,4,4,6.95,3
"354480",66.49,3.78,0.09,29.61,0.03,3,1,1,2,1,3.9,1
"354490",71.37,4.23,0.3,24.07,0.03,4,1,2,1,1,4.56,1
"354500",74.79,2.6,0.7,21.89,0.03,4,1,3,1,1,3.33,1
"354510",42.6,5.62,0.17,51.62,NA,1,3,1,4,NA,NA,NA
"354515",78.03,3.39,0.06,18.45,0.05,4,1,1,1,2,3.5,1
"354520",63.13,6.86,0.46,29.49,0.06,3,3,3,2,2,7.38,3
"354530",64.07,5.2,0.57,30.09,0.08,3,2,3,2,3,5.85,2
"354540",65.17,4.95,0.43,29.38,0.07,3,2,3,2,3,5.45,2
"354550",38.96,8.75,0.22,52.02,0.05,1,4,2,4,2,9.02,4
"354560",67.04,4.39,0.27,28.24,0.06,4,2,2,2,2,4.72,1
"354570",61.32,5.27,1.11,32.11,0.19,3,2,4,2,4,6.57,3
"354580",65.43,5.59,0.29,28.65,0.04,3,2,2,2,2,5.92,2
"354600",65.14,5.27,0.22,29.32,0.04,3,2,2,2,2,5.53,2
"354610",59.01,4.97,0.23,35.8,NA,2,2,2,3,NA,NA,NA
"354620",79,2.6,0.16,18.14,0.09,4,1,1,1,3,2.85,1
"354625",63.71,6.57,0.19,29.54,NA,3,3,1,2,NA,NA,NA
"354630",54.77,7.46,0.14,37.56,0.07,2,4,1,3,3,7.67,3
"354640",73.04,4.2,0.5,22.2,0.05,4,1,3,1,2,4.75,1
"354650",46.99,7.14,0.11,45.67,0.08,1,4,1,4,3,7.33,3
"354660",66.17,3.9,1.51,28.34,0.09,3,1,4,2,3,5.5,2
"354670",57.45,6.44,0.09,35.95,0.07,2,3,1,3,3,6.6,3
"354680",61.41,5.86,0.93,31.73,0.07,3,3,4,2,3,6.86,3
"354690",54.65,8.6,0.17,36.56,0.01,2,4,1,3,1,8.78,4
"354700",56.42,6.26,0.17,37.08,0.08,2,3,1,3,3,6.51,3
"354710",52.37,5.92,0.81,40.87,0.03,1,3,4,4,1,6.76,3
"354720",71.56,2.75,0.78,24.91,NA,4,1,4,1,NA,NA,NA
"354730",54.96,7.25,0.96,36.71,0.11,2,4,4,3,4,8.32,4
"354740",73.14,3.37,1.61,21.88,NA,4,1,4,1,NA,NA,NA
"354750",70.95,5.9,0.18,22.91,0.06,4,3,1,1,2,6.14,2
"354760",59.01,7.07,0.15,33.72,0.06,2,4,1,3,2,7.28,3
"354765",77.14,2.07,0.36,20.43,NA,4,1,2,1,NA,NA,NA
"354770",60.99,4.82,1.44,32.71,0.04,3,2,4,2,2,6.3,2
"354780",65.16,6.43,1.31,27.02,0.08,3,3,4,1,3,7.82,3
"354790",64.72,4.62,0.03,30.6,NA,3,2,1,2,NA,NA,NA
"354800",61.07,5.27,0.25,33.39,0.01,3,2,2,3,1,5.53,2
"354805",43.85,6.99,0.66,48.39,0.11,1,4,3,4,4,7.76,3
"354810",74.44,4.11,0.08,21.34,0.03,4,1,1,1,1,4.22,1
"354820",79.71,2.2,1.19,16.78,0.11,4,1,4,1,4,3.5,1
"354830",49.4,5.23,0.8,44.33,0.23,1,2,4,4,4,6.26,2
"354840",42.09,8.13,2.03,47.63,0.13,1,4,4,4,4,10.29,4
"354850",67.52,6.69,1.02,24.67,0.09,4,3,4,1,3,7.8,3
"354860",79.74,2.39,0.16,17.69,0.02,4,1,1,1,1,2.57,1
"354870",58.96,7.23,1.44,32.24,0.13,2,4,4,2,4,8.8,4
"354880",79.35,3.66,2.01,14.87,0.11,4,1,4,1,4,5.78,2
"354890",67.03,7.11,0.78,24.95,0.13,4,4,4,1,4,8.02,4
"354900",68.45,3.96,0.19,27.29,0.12,4,1,1,1,4,4.27,1
"354910",74.67,5.61,0.2,19.49,0.03,4,2,2,1,1,5.84,2
"354920",56.01,3.91,0.08,40,NA,2,1,1,4,NA,NA,NA
"354925",46.05,8.02,0.11,45.83,NA,1,4,1,4,NA,NA,NA
"354930",65.7,5.49,0.27,28.55,NA,3,2,2,2,NA,NA,NA
"354940",54.38,10.31,0.33,34.93,0.06,2,4,2,3,2,10.7,4
"354950",51.02,7.88,0.21,40.87,0.01,1,4,2,4,1,8.1,4
"354960",62,5.14,0.03,32.81,0.03,3,2,1,2,1,5.2,2
"354970",67.96,5.83,0.17,26.02,0.02,4,3,1,1,1,6.02,2
"354980",67.53,5.88,0.85,25.67,0.06,4,3,4,1,2,6.79,3
"354990",66.37,6.19,1.29,26.06,0.09,3,3,4,1,3,7.57,3
"354995",54.53,6.11,1.31,37.97,0.07,2,3,4,3,3,7.49,3
"355000",74.46,2.87,0.21,22.37,0.06,4,1,2,1,2,3.14,1
"355010",65.37,6.04,0.26,28.31,0.02,3,3,2,2,1,6.32,2
"355020",66.54,2.25,2.8,28.3,0.11,3,1,4,2,4,5.16,2
"355030",54.26,10.13,2.08,33.36,0.15,2,4,4,3,4,12.36,4
"355040",70.85,3.68,0.69,24.71,0.07,4,1,3,1,3,4.44,1
"355050",69.79,3.63,0.18,26.4,NA,4,1,1,1,NA,NA,NA
"355060",60.27,6.46,0.82,32.32,0.12,2,3,4,2,4,7.4,3
"355070",47.49,9.18,0.55,42.21,0.56,1,4,3,4,4,10.29,4
"355080",68.46,6.04,0.02,25.43,0.05,4,3,1,1,2,6.11,2
"355090",63.09,8.32,0.19,28.38,0.02,3,4,1,2,1,8.53,4
"355100",46.17,10.81,0.35,42.54,0.13,1,4,2,4,4,11.29,4
"355110",69.51,3.1,0.41,26.87,0.09,4,1,3,1,3,3.6,1
"355120",73.14,3.16,0.13,23.46,0.11,4,1,1,1,4,3.4,1
"355130",66.45,5.59,0.06,27.86,0.03,3,2,1,2,1,5.68,2
"355140",48.82,9.23,0.12,41.81,0.02,1,4,1,4,1,9.37,4
"355150",46.41,9.31,0.14,44.12,0.03,1,4,1,4,1,9.48,4
"355160",76.19,3.39,0.31,20.05,0.06,4,1,2,1,2,3.76,1
"355170",51.55,8.57,0.27,39.55,0.06,1,4,2,4,2,8.9,4
"355180",45.47,5.56,1.01,47.01,0.93,1,2,4,4,4,7.5,3
"355190",49.81,6.34,0.05,43.79,0.01,1,3,1,4,1,6.4,3
"355200",63.13,5.67,0.03,31.15,0.02,3,3,1,2,1,5.72,2
"355210",79.64,2.55,0.42,17.34,0.04,4,1,3,1,2,3.01,1
"355220",66.57,6.04,1.09,26.21,0.09,3,3,4,1,3,7.22,3
"355230",51.19,4.47,0.41,43.93,NA,1,2,3,4,NA,NA,NA
"355240",52.54,8.13,0.49,38.77,0.07,1,4,3,3,3,8.69,4
"355250",46.75,9.73,2.22,41.2,0.1,1,4,4,4,4,12.05,4
"355255",46.57,4.72,0.44,48.27,NA,1,2,3,4,NA,NA,NA
"355260",67.23,3.99,0.16,28.58,0.04,4,1,1,2,2,4.19,1
"355270",62.75,3.97,0.28,32.96,0.04,3,1,2,3,2,4.29,1
"355280",46.53,12.42,0.89,40.03,0.12,1,4,4,4,4,13.43,4
"355290",53.74,4.87,0.22,40.91,0.26,2,2,2,4,4,5.35,2
"355300",75.37,2.06,0.25,22.18,0.14,4,1,2,1,4,2.45,1
"355310",61.35,5.11,0.25,33.24,0.05,3,2,2,3,2,5.41,2
"355320",65.3,5.27,0.7,28.65,0.08,3,2,3,2,3,6.05,2
"355330",62.49,5.8,0.13,31.5,0.08,3,3,1,2,3,6.01,2
"355340",66.57,4.93,0.28,28.18,0.04,3,2,2,2,2,5.25,2
"355350",55.73,5.72,2,34.72,1.84,2,3,4,3,4,9.56,4
"355360",59.46,6.04,0.08,34.36,0.05,2,3,1,3,2,6.17,2
"355365",60.37,5.92,0.65,33.07,NA,2,3,3,3,NA,NA,NA
"355370",61.73,5.68,0.78,31.74,0.07,3,3,4,2,3,6.53,3
"355380",67.58,3.13,0.51,28.69,0.09,4,1,3,2,3,3.73,1
"355385",66.26,2.18,0.51,30.9,0.15,3,1,3,2,4,2.84,1
"355390",43.7,7.28,1.79,47.2,0.03,1,4,4,4,1,9.1,4
"355395",56.15,5.29,0.13,38.4,0.03,2,2,1,3,1,5.45,2
"355400",70.6,4.13,0.47,24.69,0.11,4,1,3,1,4,4.71,1
"355410",69.89,4.95,0.63,24.45,0.08,4,2,3,1,3,5.66,2
"355420",70.39,2.62,0.17,26.73,0.1,4,1,1,1,4,2.89,1
"355430",44.22,6.27,0.73,48.73,0.06,1,3,3,4,2,7.06,3
"355440",61.88,5.26,0.85,31.96,0.05,3,2,4,2,2,6.16,2
"355450",69.2,5.82,0.28,24.67,0.03,4,3,2,1,1,6.13,2
"355460",75.73,2.96,0.04,21.19,0.08,4,1,1,1,3,3.08,1
"355465",72.78,4.35,0.39,22.48,NA,4,1,3,1,NA,NA,NA
"355470",75.52,2.75,0.06,21.65,NA,4,1,1,1,NA,NA,NA
"355475",50.54,6.96,0.12,42.15,0.24,1,4,1,4,4,7.32,3
"355480",64.71,5.24,0.58,29.05,0.11,3,2,3,2,4,5.93,2
"355490",61.27,5.73,0.73,32.16,0.1,3,3,3,2,4,6.56,3
"355495",65.95,3.28,0.69,30.05,0.03,3,1,3,2,1,4,1
"355500",59.27,4.38,2.41,33.79,0.14,2,1,4,3,4,6.93,3
"355510",67.6,3.63,1.21,27.52,0.03,4,1,4,1,1,4.87,1
"355520",68.43,6.11,0.28,25.08,0.11,4,3,2,1,4,6.5,3
"355530",74.84,3.95,0.18,21.03,NA,4,1,1,1,NA,NA,NA
"355535",52.62,5.33,0.19,41.79,0.07,1,2,1,4,3,5.59,2
"355540",53.18,7.92,0.75,37.56,0.59,2,4,3,3,4,9.26,4
"355550",61.98,2.83,0.19,35,NA,3,1,1,3,NA,NA,NA
"355560",66.37,4.62,0.11,28.9,0.01,3,2,1,2,1,4.74,1
"355570",55.52,8.8,0.25,35.43,NA,2,4,2,3,NA,NA,NA
"355580",66.29,2.54,1.55,29.6,0.02,3,1,4,2,1,4.11,1
"355590",72.24,4.18,NA,23.58,NA,4,1,NA,1,NA,NA,NA
"355600",73.2,2.83,0.15,23.69,0.14,4,1,1,1,4,3.12,1
"355610",61.13,4.46,0.45,33.9,0.06,3,2,3,3,2,4.97,1
"355620",72.48,4.35,0.91,22.2,0.07,4,1,4,1,3,5.33,2
"355630",43.32,7.99,0.58,48.08,0.02,1,4,3,4,1,8.59,4
"355635",68.9,4.19,0.53,26.38,NA,4,1,3,1,NA,NA,NA
"355640",68.92,4.87,0.17,26.01,0.03,4,2,1,1,1,5.07,1
"355645",56.8,7.02,2.09,34.02,0.07,2,4,4,3,3,9.18,4
"355650",54.34,7.88,0.21,37.51,0.05,2,4,2,3,2,8.14,4
"355660",54.39,5.11,0.61,39.85,0.04,2,2,3,4,2,5.76,2
"355670",68.3,5.55,0.95,25.15,0.06,4,2,4,1,2,6.56,3
"355680",62.98,4.68,0.55,31.71,0.07,3,2,3,2,3,5.3,2
"355690",52.23,7.51,0.25,40,0.01,1,4,2,4,1,7.77,3
"355695",57.58,6.13,0.5,35.79,NA,2,3,3,3,NA,NA,NA
"355700",68.39,4.97,0.58,25.99,0.06,4,2,3,1,2,5.61,2
"355710",66.6,5.17,0.91,27.26,0.05,3,2,4,1,2,6.13,2
"355715",60.03,3.68,1.37,34.92,NA,2,1,4,3,NA,NA,NA
"355720",61.1,6.42,0.29,32.17,0.02,3,3,2,2,1,6.73,3
"355730",70.77,3.83,0.25,25.05,0.1,4,1,2,1,4,4.18,1
