cod_ibge;nome_municipio;censo_total_estab;censo_estab_usou_agrotox;censo_pct_uso_agrotox;censo_valor_agrotox_mil;censo_n_estab_agrotox;pam_area_colhida_ha;pam_area_plantada_ha;pam_qtd_produzida;pam_valor_prod_mil_reais;sih_n_internacoes_intox;sih_n_internacoes_agrotox;sih_n_obitos_intox;sinan_n_notificacoes_intox;sinan_n_casos_contexto_agric;sisagua_n_amostras;sisagua_n_deteccoes_quant;sisagua_n_agrotox_detectados
350010;Adamantina (SP);529;185;35,0;8543,043;185;14399;14399;NA;124005;6;0;0;5;0;159;0;0
350020;Adolfo (SP);82;24;29,3;1150,700;24;10126;10126;NA;157268;2;0;0;5;0;94;0;0
350030;Aguaí (SP);507;295;58,2;18485,083;295;28919;28919;NA;502644;4;0;0;56;1;306;0;0
350040;Águas da Prata (SP);113;38;33,6;550,300;39;1585;1585;NA;37802;1;0;0;15;0;350;0;0
350050;Águas de Lindóia (SP);69;25;36,2;160,190;25;447;447;NA;11767;5;0;0;8;0;144;0;0
350055;Águas de Santa Bárbara (SP);212;79;37,3;8345,339;79;28040;28040;NA;367000;0;0;0;5;0;119;2;2
350070;Agudos (SP);301;53;17,6;30182,128;53;10392;10552;NA;102557;6;0;0;37;0;605;0;0
350075;Alambari (SP);168;63;37,5;900,570;63;5451;5451;NA;67980;1;0;0;0;0;725;0;0
350080;Alfredo Marcondes (SP);235;32;13,6;44,307;32;478;478;NA;8211;0;0;0;2;0;94;0;0
350090;Altair (SP);103;43;41,7;7723,961;43;19500;19500;NA;258036;1;0;0;3;0;219;0;0
350100;Altinópolis (SP);282;194;68,8;10084,069;194;39500;39500;NA;455043;8;0;0;23;0;379;0;0
350110;Alto Alegre (SP);468;172;36,8;1433,280;172;10685;10685;NA;106937;1;0;0;13;0;104;0;0
350120;Álvares Florence (SP);508;126;24,8;1638,190;126;12281;12281;NA;125037;2;0;0;18;0;44;0;0
350130;Álvares Machado (SP);660;149;22,6;280,298;149;2047;2047;NA;38431;2;0;0;7;0;313;0;0
350140;Álvaro de Carvalho (SP);93;38;40,9;757,244;38;1182;1182;NA;8550;1;0;0;5;0;90;0;0
350150;Alvinlândia (SP);102;41;40,2;514,630;41;1487;1487;NA;25947;0;0;0;10;0;102;0;0
350160;Americana (SP);42;15;35,7;483,703;15;240;240;NA;2285;15;1;0;369;0;7243;131;22
350170;Américo Brasiliense (SP);17;5;29,4;26410,374;5;8980;8980;NA;99345;5;0;0;72;0;931;55;27
350180;Américo de Campos (SP);374;80;21,4;268,720;80;9757;9757;NA;103761;2;0;0;19;1;270;270;27
350190;Amparo (SP);525;183;34,9;2374,588;183;4788;4788;NA;95453;8;0;1;85;0;2590;167;27
350200;Analândia (SP);116;40;34,5;5277,552;40;11231;11231;NA;146960;1;0;0;5;0;188;0;0
350210;Andradina (SP);838;236;28,2;3102,138;236;42551;46571;NA;325703;16;1;1;95;2;278;0;0
350220;Angatuba (SP);931;200;21,5;12695,232;200;23417;23417;NA;490457;3;0;0;2;0;419;0;0
350230;Anhembi (SP);184;47;25,5;4501,776;47;18458;18458;NA;204156;1;0;0;6;0;617;27;27
350240;Anhumas (SP);223;59;26,5;1196,432;59;9976;9976;NA;84941;1;0;0;3;0;91;0;0
350250;Aparecida (SP);83;12;14,5;142,024;12;310;310;NA;2888;2;0;0;39;0;120;0;0
350260;Aparecida d'Oeste (SP);397;113;28,5;1642,046;113;2051;2051;NA;36342;0;0;0;5;0;99;0;0
350270;Apiaí (SP);534;251;47,0;7091,862;252;8459;8461;NA;401640;4;0;0;28;2;715;0;0
350275;Araçariguama (SP);10;2;20,0;NA;2;183;183;NA;1725;3;0;0;38;0;1259;42;27
350280;Araçatuba (SP);1020;320;31,4;5867,057;320;46678;46678;NA;333806;37;0;1;264;2;1139;180;27
350290;Araçoiaba da Serra (SP);315;124;39,4;697,755;124;3363;3363;NA;37355;4;0;0;16;1;559;0;0
350300;Aramina (SP);82;45;54,9;1505,863;45;14414;14414;NA;122228;2;0;0;13;0;0;0;0
350310;Arandu (SP);185;70;37,8;10462,991;70;12410;12410;NA;221380;0;0;0;4;1;191;102;27
350315;Arapeí (SP);83;2;2,4;NA;2;114;114;NA;1012;0;0;0;0;0;183;0;0
350320;Araraquara (SP);711;401;56,4;2710,740;401;46517;46517;NA;523470;31;0;1;61;0;4145;74;27
350330;Araras (SP);358;229;64,0;27052,490;229;42828;42828;NA;525788;20;0;2;143;1;3517;929;27
350335;Arco-Íris (SP);191;68;35,6;2171,337;68;6590;6590;NA;81728;0;0;0;4;0;92;0;0
350340;Arealva (SP);645;198;30,7;3065,805;198;13939;13939;NA;174775;3;0;0;1;0;373;0;0
350350;Areias (SP);82;8;9,8;5,245;8;151;151;NA;1931;1;0;0;1;0;0;0;0
350360;Areiópolis (SP);21;6;28,6;207,060;6;7155;7155;NA;58275;1;0;0;4;0;162;0;0
350370;Ariranha (SP);106;93;87,7;39997,237;93;9276;9276;NA;82392;0;0;0;27;0;162;0;0
350380;Artur Nogueira (SP);568;312;54,9;3785,793;312;8503;8561;NA;127722;2;0;1;79;0;816;219;22
350390;Arujá (SP);127;74;58,3;193,266;74;NA;NA;NA;NA;10;0;0;79;0;356;0;0
350395;Aspásia (SP);142;88;62,0;2462,818;88;2074;2074;NA;55309;1;0;0;6;0;99;0;0
350400;Assis (SP);389;163;41,9;4522,257;163;30023;30023;NA;282455;14;0;0;148;0;266;0;0
350410;Atibaia (SP);600;436;72,7;6257,716;436;2876;2876;NA;43593;19;0;0;154;0;2182;43;20
350420;Auriflama (SP);349;97;27,8;638,826;97;8285;8785;NA;86526;3;0;0;29;0;101;0;0
350430;Avaí (SP);374;92;24,6;4271,770;93;5189;5189;NA;118816;2;0;0;3;0;138;40;20
350440;Avanhandava (SP);170;67;39,4;1308,674;67;16582;16582;NA;163772;1;0;0;3;0;88;0;0
350450;Avaré (SP);665;170;25,6;28244,334;170;52978;52978;NA;766487;0;0;0;137;0;1275;23;22
350460;Bady Bassitt (SP);153;51;33,3;579,780;51;4869;4869;NA;57644;9;0;0;63;0;0;0;0
350470;Balbinos (SP);64;33;51,6;1703,374;33;5629;5629;NA;60351;0;0;0;1;0;135;43;22
350480;Bálsamo (SP);252;98;38,9;1379,709;98;9205;9205;NA;107115;1;0;0;6;0;72;0;0
350490;Bananal (SP);236;5;2,1;3,600;5;369;369;NA;2328;0;0;0;0;0;195;0;0
350500;Barão de Antonina (SP);219;69;31,5;388,805;69;5412;5412;NA;80370;1;0;0;3;1;91;0;0
350510;Barbosa (SP);109;35;32,1;530,506;35;4970;4970;NA;48003;5;0;1;14;0;26;0;0
350520;Bariri (SP);369;265;71,8;3582,494;265;28705;28705;NA;304200;12;0;0;13;0;66;0;0
350530;Barra Bonita (SP);55;30;54,5;476,060;30;8847;8847;NA;86184;2;0;0;38;0;71;0;0
350535;Barra do Chapéu (SP);441;108;24,5;755,530;108;1495;1528;NA;111950;1;0;0;2;0;170;0;0
350540;Barra do Turvo (SP);547;70;12,8;71,523;70;382;382;NA;1730;0;0;0;1;0;85;0;0
350550;Barretos (SP);975;489;50,2;46670,201;489;104313;104313;NA;1176570;27;0;3;187;0;704;427;27
350560;Barrinha (SP);22;14;63,6;687,324;14;11033;11033;NA;121671;5;0;0;12;0;216;0;0
350580;Bastos (SP);382;59;15,4;669,086;59;2232;2232;NA;22463;3;0;0;38;0;343;127;22
350590;Batatais (SP);376;290;77,1;45104,864;290;54105;54105;NA;415849;13;0;0;155;2;262;0;0
350600;Bauru (SP);395;93;23,5;4671,603;93;4453;4453;NA;72764;29;0;0;275;0;10104;318;27
350610;Bebedouro (SP);599;384;64,1;20059,706;384;49761;49761;NA;590966;7;0;0;67;0;933;21;21
350620;Bento de Abreu (SP);55;13;23,6;3458,630;13;17425;17425;NA;142201;0;0;0;1;0;98;2;2
350630;Bernardino de Campos (SP);254;171;67,3;6227,374;172;11005;11005;NA;98252;5;0;1;36;0;172;0;0
350640;Bilac (SP);263;106;40,3;1788,409;106;7125;7125;NA;82050;2;0;0;4;0;216;0;0
350650;Birigui (SP);650;288;44,3;5821,147;288;40140;40140;NA;340394;9;0;0;156;0;2431;0;0
350660;Biritiba Mirim (SP);433;349;80,6;3521,551;349;98;98;NA;2398;8;0;0;47;0;242;0;0
350670;Boa Esperança do Sul (SP);167;63;37,7;9811,910;63;43168;43168;NA;552917;3;0;0;0;0;230;27;27
350680;Bocaina (SP);131;78;59,5;1476,689;78;17162;17162;NA;170518;2;0;0;0;0;425;21;21
350690;Bofete (SP);227;39;17,2;1939,921;39;1535;1535;NA;49867;0;0;0;16;1;370;0;0
350700;Boituva (SP);191;66;34,6;633,351;66;7279;7279;NA;129362;8;0;0;5;0;624;27;27
350710;Bom Jesus dos Perdões (SP);65;26;40,0;102,230;26;54;54;NA;1737;1;0;0;13;0;44;0;0
350715;Bom Sucesso de Itararé (SP);56;15;26,8;13,705;15;205;205;NA;6350;0;0;0;3;0;91;0;0
350720;Borá (SP);38;14;36,8;8984,759;14;5992;5992;NA;54993;1;0;0;0;0;97;0;0
350730;Boracéia (SP);72;45;62,5;3294,308;45;8238;8238;NA;80463;1;0;0;0;0;96;0;0
350740;Borborema (SP);410;189;46,1;10036,451;189;35735;35735;NA;376851;9;0;0;47;0;750;2;2
350745;Borebi (SP);70;13;18,6;4416,987;13;7524;7524;NA;83256;0;0;0;2;0;36;36;21
350750;Botucatu (SP);359;144;40,1;28769,801;144;38790;38790;NA;496955;61;0;0;670;0;1682;68;22
350760;Bragança Paulista (SP);583;235;40,3;5510,676;235;6233;6233;NA;105420;36;0;1;277;1;1132;84;22
350770;Braúna (SP);156;74;47,4;352,220;74;7643;7643;NA;85066;4;0;0;8;0;307;0;0
350775;Brejo Alegre (SP);91;72;79,1;1581,610;72;9472;9472;NA;84404;0;0;0;7;0;43;0;0
350780;Brodowski (SP);153;97;63,4;3018,545;97;16248;16248;NA;109181;1;0;0;1;0;262;0;0
350790;Brotas (SP);396;172;43,4;14520,971;172;42123;42123;NA;498870;6;0;0;48;1;264;0;0
350800;Buri (SP);530;260;49,1;34254,311;260;56985;56985;NA;739278;0;0;0;15;1;322;0;0
350810;Buritama (SP);397;131;33,0;23518,675;131;12312;12312;NA;159462;4;0;1;26;0;972;0;0
350820;Buritizal (SP);153;73;47,7;15050,322;73;14403;14403;NA;135328;1;0;0;7;0;177;0;0
350830;Cabrália Paulista (SP);99;23;23,2;496,129;23;1464;1464;NA;26263;1;0;0;3;0;62;0;0
350840;Cabreúva (SP);102;25;24,5;417,481;25;242;242;NA;4768;4;0;1;85;0;2028;85;27
350850;Caçapava (SP);119;39;32,8;308,653;39;3440;3440;NA;37617;13;0;2;51;0;1811;241;27
350860;Cachoeira Paulista (SP);254;23;9,1;55,332;23;362;362;NA;7374;9;0;0;67;0;139;0;0
350870;Caconde (SP);1262;1010;80,0;5097,238;1010;11021;11021;NA;197622;5;0;0;33;1;82;40;20
350880;Cafelândia (SP);253;97;38,3;21174,964;97;45721;45721;NA;386874;2;0;0;9;1;93;0;0
350890;Caiabu (SP);189;16;8,5;2533,885;16;6646;6646;NA;44065;1;0;0;0;0;159;1;1
350900;Caieiras (SP);18;1;5,6;NA;1;3;3;NA;25;4;0;0;117;0;533;0;0
350910;Caiuá (SP);658;113;17,2;1248,339;113;3924;3924;NA;38240;1;0;0;2;0;191;122;22
350920;Cajamar (SP);72;NA;NA;NA;NA;2;2;NA;21;26;0;0;61;0;1615;14;7
350925;Cajati (SP);520;137;26,3;6570,514;138;5588;5588;NA;213799;4;0;0;35;0;259;0;0
350930;Cajobi (SP);181;112;61,9;6759,100;112;11901;11901;NA;145941;3;0;0;17;0;74;0;0
350940;Cajuru (SP);736;256;34,8;1798,718;256;26705;26705;NA;188071;26;0;1;4;0;387;88;22
350945;Campina do Monte Alegre (SP);141;58;41,1;2774,563;58;12329;12329;NA;138470;0;0;0;0;0;186;0;0
350950;Campinas (SP);582;269;46,2;4138,711;269;4192;4192;NA;93815;183;1;4;818;1;6182;114;22
350960;Campo Limpo Paulista (SP);15;4;26,7;14,180;4;NA;NA;NA;NA;32;0;0;45;0;119;0;0
350970;Campos do Jordão (SP);34;7;20,6;18,800;7;NA;NA;NA;NA;9;0;0;90;0;322;161;25
350980;Campos Novos Paulista (SP);191;118;61,8;10162,424;118;37633;37633;NA;278955;3;0;0;26;0;0;0;0
350990;Cananéia (SP);115;11;9,6;156,000;12;610;610;NA;10666;5;0;0;12;0;201;0;0
350995;Canas (SP);41;16;39,0;45,430;16;400;400;NA;3480;0;0;0;2;0;119;0;0
351000;Cândido Mota (SP);351;320;91,2;19746,522;320;71510;71510;NA;671288;7;0;0;43;1;30;0;0
351010;Cândido Rodrigues (SP);134;120;89,6;2161,305;120;3823;3823;NA;67739;3;0;0;0;0;101;0;0
351015;Canitar (SP);21;11;52,4;1702,257;11;4950;4950;NA;36789;2;0;0;3;0;0;0;0
351020;Capão Bonito (SP);760;512;67,4;32010,146;512;51245;51250;NA;739075;6;0;0;45;0;798;0;0
351030;Capela do Alto (SP);157;45;28,7;2461,607;45;4486;4536;NA;129080;2;0;0;27;0;276;0;0
351040;Capivari (SP);133;65;48,9;2617,400;65;21840;21840;NA;247393;5;0;0;45;0;1574;17;17
351050;Caraguatatuba (SP);87;23;26,4;354,451;23;81;81;NA;2439;13;0;1;157;0;688;87;27
351070;Cardoso (SP);263;44;16,7;658,171;44;23626;23626;NA;254728;4;0;0;12;0;260;0;0
351080;Casa Branca (SP);504;350;69,4;57240,224;350;61279;61314;NA;1466107;6;0;0;64;1;420;27;27
351090;Cássia dos Coqueiros (SP);320;215;67,2;897,838;215;4791;4794;NA;68214;4;0;0;1;0;86;0;0
351100;Castilho (SP);1199;262;21,9;15541,167;262;42065;42470;NA;296619;1;0;0;47;5;747;77;22
351110;Catanduva (SP);157;97;61,8;48190,429;97;16938;16938;NA;191025;13;0;0;162;0;716;26;21
351120;Catiguá (SP);48;19;39,6;701,296;20;9181;9181;NA;104569;2;0;0;3;0;237;0;0
351130;Cedral (SP);298;79;26,5;1955,965;79;7528;7528;NA;89199;3;1;1;22;0;253;0;0
351140;Cerqueira César (SP);394;113;28,7;9264,742;113;36307;36307;NA;434667;3;0;0;19;0;595;67;27
351150;Cerquilho (SP);180;54;30,0;6098,373;54;6332;6332;NA;68865;2;0;0;20;0;245;43;22
351160;Cesário Lange (SP);197;31;15,7;3015,680;31;17105;17105;NA;204684;2;0;0;6;0;825;0;0
351170;Charqueada (SP);107;48;44,9;27176,274;48;9653;9653;NA;106240;6;0;0;28;0;174;0;0
351190;Clementina (SP);127;42;33,1;25977,406;42;6331;6331;NA;67093;5;0;0;10;0;311;0;0
351200;Colina (SP);200;159;79,5;18944,345;159;30351;30351;NA;337078;4;0;0;29;0;380;73;26
351210;Colômbia (SP);221;117;52,9;63076,549;117;54256;54256;NA;701967;5;0;0;9;1;334;87;27
351220;Conchal (SP);359;259;72,1;18486,599;259;14463;14463;NA;184076;2;0;0;15;0;304;0;0
351230;Conchas (SP);509;52;10,2;14881,117;52;4218;4218;NA;33722;5;0;0;22;0;92;1;1
351240;Cordeirópolis (SP);120;61;50,8;14918,190;61;9409;9409;NA;101684;0;0;0;13;0;528;148;27
351250;Coroados (SP);332;146;44,0;2885,682;146;17512;17512;NA;198963;0;0;0;14;0;91;0;0
351260;Coronel Macedo (SP);284;150;52,8;9316,160;150;24326;24326;NA;223302;1;0;0;1;0;220;0;0
351270;Corumbataí (SP);355;135;38,0;1772,176;135;5270;5272;NA;49910;0;0;0;2;0;667;42;22
351280;Cosmópolis (SP);178;66;37,1;2903,112;66;7034;7034;NA;81631;8;0;0;36;0;421;2;2
351290;Cosmorama (SP);598;165;27,6;1974,065;165;21748;21748;NA;252353;9;0;0;22;0;0;0;0
351300;Cotia (SP);183;118;64,5;907,200;118;NA;NA;NA;NA;48;0;1;344;0;1420;0;0
351310;Cravinhos (SP);113;79;69,9;5750,757;79;22690;22690;NA;143096;5;0;0;5;0;125;22;22
351320;Cristais Paulista (SP);444;308;69,4;8123,885;308;14950;14950;NA;372174;4;0;0;0;0;22;0;0
351330;Cruzália (SP);97;93;95,9;5061,551;93;19077;19077;NA;131010;0;0;0;1;1;91;1;1
351340;Cruzeiro (SP);192;18;9,4;57,730;18;292;292;NA;7225;13;0;1;120;0;88;0;0
351350;Cubatão (SP);3;NA;NA;NA;NA;NA;NA;NA;NA;8;0;0;118;0;378;0;0
351360;Cunha (SP);2287;128;5,6;134,886;128;842;842;NA;5434;10;0;0;21;0;0;0;0
351370;Descalvado (SP);396;142;35,9;9366,956;142;39894;39910;NA;509688;6;0;0;14;0;939;38;21
351380;Diadema (SP);16;NA;NA;NA;NA;NA;NA;NA;NA;46;0;1;669;0;933;90;27
351385;Dirce Reis (SP);131;13;9,9;63,062;13;2086;2086;NA;22949;0;0;0;1;0;89;0;0
351390;Divinolândia (SP);633;392;61,9;10173,140;392;5424;5424;NA;139584;1;0;0;6;0;264;1;1
351400;Dobrada (SP);29;12;41,4;10843,700;12;10777;10777;NA;71423;1;0;0;2;0;390;0;0
351410;Dois Córregos (SP);367;261;71,1;4056,913;261;43907;43907;NA;516273;10;0;1;4;0;447;34;22
351420;Dolcinópolis (SP);107;51;47,7;621,490;51;3489;3489;NA;53508;2;0;0;4;0;100;1;1
351430;Dourado (SP);63;33;52,4;6443,231;33;6006;6006;NA;53291;3;0;0;7;0;358;0;0
351440;Dracena (SP);572;134;23,4;5435,873;134;16389;16486;NA;142885;6;0;0;30;0;258;216;27
351450;Duartina (SP);248;54;21,8;1377,469;54;1832;1832;NA;47851;2;0;0;4;0;88;0;0
351460;Dumont (SP);178;168;94,4;1754,223;168;10108;10108;NA;112174;3;0;0;5;1;187;0;0
351470;Echaporã (SP);272;85;31,2;5991,694;85;13674;13704;NA;164363;1;0;0;5;0;162;27;27
351480;Eldorado (SP);848;346;40,8;2106,343;351;5860;5860;NA;163543;2;0;0;7;0;371;1;1
351490;Elias Fausto (SP);295;184;62,4;2459,599;184;8400;8400;NA;82854;2;0;0;14;0;647;44;27
351492;Elisiário (SP);49;28;57,1;640,585;28;6297;6297;NA;63422;1;0;0;9;0;324;0;0
351495;Embaúba (SP);63;44;69,8;1774,892;44;6431;6431;NA;56528;0;0;0;1;0;37;0;0
351500;Embu das Artes (SP);27;15;55,6;76,210;15;NA;NA;NA;NA;37;0;2;387;0;897;0;0
351510;Embu-Guaçu (SP);105;49;46,7;387,025;49;9;9;NA;346;39;0;0;223;0;285;2;2
351512;Emilianópolis (SP);194;28;14,4;2103,357;28;6130;6130;NA;58038;1;0;0;0;0;90;0;0
351515;Engenheiro Coelho (SP);317;144;45,4;2680,870;144;5845;5845;NA;97658;0;0;0;8;0;263;0;0
351518;Espírito Santo do Pinhal (SP);481;294;61,1;4618,149;294;10867;10867;NA;320719;6;0;0;94;0;392;1;1
351519;Espírito Santo do Turvo (SP);97;31;32,0;5038,906;31;7746;7746;NA;111075;5;0;0;10;1;136;0;0
351520;Estrela d'Oeste (SP);270;120;44,4;6243,131;120;12077;12077;NA;133432;4;0;0;12;0;147;0;0
351530;Estrela do Norte (SP);136;25;18,4;2285,284;25;5011;5011;NA;35728;0;0;0;2;0;94;1;1
351535;Euclides da Cunha Paulista (SP);751;154;20,5;1265,201;154;6608;6608;NA;60834;14;0;0;25;1;253;0;0
351540;Fartura (SP);475;266;56,0;2715,476;266;12736;12736;NA;129255;9;0;0;4;0;86;0;0
351550;Fernandópolis (SP);584;124;21,2;6027,387;124;19806;19806;NA;178464;15;0;0;163;0;147;0;0
351560;Fernando Prestes (SP);313;262;83,7;3597,196;262;12244;12244;NA;146393;1;0;0;16;0;183;0;0
351565;Fernão (SP);205;89;43,4;1435,120;89;2578;2578;NA;27239;1;0;0;1;0;100;0;0
351570;Ferraz de Vasconcelos (SP);16;6;37,5;6,310;6;NA;NA;NA;NA;19;0;1;161;0;240;0;0
351580;Flora Rica (SP);109;19;17,4;2305,120;19;5562;5562;NA;50461;2;0;0;0;0;82;0;0
351590;Floreal (SP);230;51;22,2;432,588;51;4859;4859;NA;58617;1;0;0;6;0;51;0;0
351600;Flórida Paulista (SP);512;164;32,0;5015,062;165;19755;19755;NA;176561;12;0;0;20;2;270;0;0
351610;Florínea (SP);46;41;89,1;6761,924;41;21851;21851;NA;204911;0;0;0;4;0;241;1;1
351620;Franca (SP);541;230;42,5;9962,854;230;17959;17959;NA;393650;69;0;5;228;0;358;0;0
351630;Francisco Morato (SP);26;2;7,7;NA;2;19;19;NA;210;48;0;0;175;0;0;0;0
351640;Franco da Rocha (SP);137;8;5,8;14,260;8;20;20;NA;102;15;0;0;177;0;333;123;27
351650;Gabriel Monteiro (SP);178;83;46,6;785,745;83;4723;4723;NA;56991;0;0;0;3;0;92;0;0
351660;Gália (SP);316;123;38,9;4627,864;123;6197;6197;NA;82837;0;0;0;2;0;100;0;0
351670;Garça (SP);578;384;66,4;7837,780;385;13166;13166;NA;158617;6;0;0;92;2;381;293;27
351680;Gastão Vidigal (SP);209;44;21,1;319,668;44;6431;6431;NA;55055;0;0;0;2;0;100;0;0
351685;Gavião Peixoto (SP);56;36;64,3;7947,321;36;10964;10964;NA;145160;1;0;0;7;0;141;27;27
351690;General Salgado (SP);354;106;29,9;2374,748;106;15979;15983;NA;148013;0;0;0;14;0;301;0;0
351700;Getulina (SP);218;60;27,5;3890,107;60;25460;25460;NA;244428;2;0;1;3;0;0;0;0
351710;Glicério (SP);248;106;42,7;2446,343;106;17019;17019;NA;142482;0;0;0;5;0;250;41;20
351720;Guaiçara (SP);124;37;29,8;3839,508;37;10444;10444;NA;93545;5;0;0;9;0;318;41;21
351730;Guaimbê (SP);86;28;32,6;3373,400;28;5860;5860;NA;76255;2;0;0;8;0;0;0;0
351740;Guaíra (SP);313;207;66,1;65847,674;207;111546;111546;NA;1128459;6;1;1;24;0;351;88;21
351750;Guapiaçu (SP);510;129;25,3;3502,999;129;16323;16323;NA;210335;4;0;0;46;2;1045;0;0
351760;Guapiara (SP);819;630;76,9;8912,692;631;16502;17002;NA;308385;5;0;0;45;5;706;0;0
351770;Guará (SP);146;90;61,6;2639,444;90;27883;27883;NA;227864;8;0;1;5;0;342;21;21
351780;Guaraçaí (SP);402;180;44,8;3226,779;180;28961;28961;NA;259249;5;0;0;1;0;310;310;27
351790;Guaraci (SP);189;79;41,8;14556,618;79;42846;42846;NA;460664;2;0;0;10;0;78;0;0
351800;Guarani d'Oeste (SP);93;28;30,1;1032,619;28;2247;2247;NA;18371;1;0;0;5;0;49;0;0
351810;Guarantã (SP);298;128;43,0;4243,941;128;16243;16244;NA;183151;0;0;0;11;0;111;40;20
351820;Guararapes (SP);362;127;35,1;6083,391;127;54416;54416;NA;425794;2;0;0;52;1;198;0;0
351830;Guararema (SP);221;100;45,2;628,263;100;336;336;NA;14598;6;0;0;44;0;498;75;26
351840;Guaratinguetá (SP);372;153;41,1;547,707;153;4367;4367;NA;40068;9;0;0;84;0;1081;143;27
351850;Guareí (SP);764;184;24,1;824,984;184;6845;6845;NA;83814;2;0;0;17;0;373;0;0
351860;Guariba (SP);82;32;39,0;1274,260;32;25207;25207;NA;275662;2;0;0;29;0;188;0;0
351870;Guarujá (SP);9;5;55,6;8,380;5;2;2;NA;3;24;0;2;133;0;172;0;0
351880;Guarulhos (SP);83;31;37,3;115,287;31;NA;NA;NA;NA;118;1;14;1095;0;4250;286;27
351885;Guatapará (SP);169;58;34,3;888,482;58;26394;26394;NA;161365;2;0;0;8;0;44;0;0
351890;Guzolândia (SP);165;78;47,3;637,428;78;4806;4806;NA;45971;2;0;0;7;0;91;0;0
351900;Herculândia (SP);428;190;44,4;6535,646;190;17940;17940;NA;216567;0;0;0;1;0;69;27;27
351905;Holambra (SP);218;158;72,5;4429,474;158;2339;2339;NA;35224;3;0;1;21;0;120;36;18
351907;Hortolândia (SP);19;14;73,7;159,450;14;NA;NA;NA;NA;28;0;0;401;0;1358;7;4
351910;Iacanga (SP);171;81;47,4;11110,288;81;28959;28959;NA;310062;1;0;0;1;0;0;0;0
351920;Iacri (SP);241;83;34,4;7108,066;83;15271;15271;NA;171972;2;0;0;1;0;91;0;0
351925;Iaras (SP);432;51;11,8;14804,943;51;17748;17748;NA;433430;0;0;0;8;0;232;0;0
351930;Ibaté (SP);57;22;38,6;1397,225;22;16400;16400;NA;146033;24;0;0;13;0;162;0;0
351940;Ibirá (SP);244;119;48,8;2550,699;119;15740;15740;NA;193189;5;0;0;22;1;158;0;0
351950;Ibirarema (SP);139;120;86,3;7995,193;120;27012;27012;NA;249109;2;0;0;7;0;0;0;0
351960;Ibitinga (SP);403;162;40,2;15328,739;162;42925;42925;NA;462331;12;0;0;98;0;44;0;0
351970;Ibiúna (SP);1240;931;75,1;8675,083;932;4044;4044;NA;91886;13;0;1;37;1;331;0;0
351980;Icém (SP);86;23;26,7;471,732;23;11716;11716;NA;130876;2;0;0;2;0;92;0;0
351990;Iepê (SP);266;135;50,8;7445,309;135;41771;41771;NA;288693;0;0;0;19;1;307;0;0
352000;Igaraçu do Tietê (SP);42;22;52,4;2513,810;22;7319;7319;NA;70080;4;0;0;26;0;0;0;0
352010;Igarapava (SP);209;101;48,3;5019,297;101;28136;28136;NA;248046;2;0;0;37;0;612;75;22
352020;Igaratá (SP);120;31;25,8;20,300;31;1;1;NA;5;3;0;0;25;0;195;0;0
352030;Iguape (SP);476;217;45,6;496,536;217;3918;3918;NA;74575;3;0;1;14;0;95;0;0
352040;Ilhabela (SP);13;NA;NA;NA;NA;NA;NA;NA;NA;5;0;0;116;0;168;0;0
352042;Ilha Comprida (SP);6;1;16,7;NA;1;NA;NA;NA;NA;1;0;0;7;0;86;0;0
352044;Ilha Solteira (SP);342;90;26,3;1484,045;90;21076;21076;NA;199489;4;0;0;36;0;253;0;0
352050;Indaiatuba (SP);332;246;74,1;3141,835;246;4606;4606;NA;62678;63;0;1;121;0;2486;159;27
352060;Indiana (SP);215;46;21,4;587,220;46;936;936;NA;13777;3;0;0;3;0;42;0;0
352070;Indiaporã (SP);201;78;38,8;1230,608;78;7396;7526;NA;65974;3;0;0;10;0;137;0;0
352080;Inúbia Paulista (SP);114;19;16,7;923,717;19;2737;2737;NA;24937;1;0;0;0;0;99;0;0
352090;Ipaussu (SP);42;15;35,7;812,912;15;19010;19010;NA;188909;2;0;0;4;0;351;0;0
352100;Iperó (SP);160;51;31,9;962,830;51;2478;2478;NA;50937;5;0;1;34;0;484;0;0
352110;Ipeúna (SP);219;79;36,1;2213,467;79;5285;5285;NA;48313;0;0;0;9;0;288;0;0
352115;Ipiguá (SP);152;29;19,1;288,764;29;3588;3588;NA;47852;2;0;0;19;0;0;0;0
352120;Iporanga (SP);363;89;24,5;179,355;89;857;857;NA;10147;1;0;0;2;1;198;0;0
352130;Ipuã (SP);105;58;55,2;14190,319;58;41015;41015;NA;376904;4;0;0;15;0;220;44;22
352140;Iracemápolis (SP);28;12;42,9;3203,497;12;7385;7385;NA;67519;2;0;0;16;0;433;0;0
352150;Irapuã (SP);211;167;79,1;9264,678;167;17807;17807;NA;256332;3;0;0;22;0;98;0;0
352160;Irapuru (SP);379;114;30,1;4350,494;114;5743;5743;NA;52727;0;0;0;3;0;260;0;0
352170;Itaberá (SP);946;656;69,3;49574,292;656;88967;88967;NA;887931;0;0;0;23;0;425;0;0
352180;Itaí (SP);613;255;41,6;45148,110;255;61735;61735;NA;805199;5;0;0;34;0;306;0;0
352190;Itajobi (SP);595;446;75,0;8413,958;446;33760;33760;NA;552935;2;0;0;40;0;420;0;0
352200;Itaju (SP);205;116;56,6;2725,548;116;10301;10301;NA;101289;2;0;0;0;0;0;0;0
352210;Itanhaém (SP);57;19;33,3;151,840;19;2821;2821;NA;63681;7;0;0;86;1;86;0;0
352215;Itaoca (SP);127;8;6,3;22,750;8;285;287;NA;8511;2;0;0;2;0;170;0;0
352220;Itapecerica da Serra (SP);87;22;25,3;62,450;22;NA;NA;NA;NA;33;0;0;103;0;406;0;0
352230;Itapetininga (SP);1291;664;51,4;44691,339;664;62962;62962;NA;1027548;20;0;1;12;0;2151;297;27
352240;Itapeva (SP);1231;704;57,2;69086,576;704;189977;189977;NA;2465795;14;0;0;92;2;619;0;0
352250;Itapevi (SP);5;2;40,0;NA;2;NA;NA;NA;NA;17;3;0;236;0;2787;1;1
352260;Itapira (SP);495;212;42,8;8810,074;212;7209;7209;NA;76408;15;0;2;158;1;1503;1;1
352265;Itapirapuã Paulista (SP);310;62;20,0;65,447;62;207;207;NA;3165;0;0;0;4;0;132;0;0
352270;Itápolis (SP);782;567;72,5;34021,980;567;66807;66807;NA;553562;13;0;0;29;0;536;0;0
352280;Itaporanga (SP);924;381;41,2;7534,824;381;25122;25122;NA;243069;1;0;0;8;0;543;0;0
352290;Itapuí (SP);80;45;56,2;831,350;45;9150;9150;NA;88645;5;0;0;29;0;286;0;0
352300;Itapura (SP);261;49;18,8;3560,064;49;17422;17422;NA;159652;0;0;0;4;0;27;27;27
352310;Itaquaquecetuba (SP);49;23;46,9;89,759;23;NA;NA;NA;NA;33;0;0;313;0;818;82;27
352320;Itararé (SP);682;351;51,5;17340,762;351;51314;51314;NA;563716;24;0;0;52;0;496;1;1
352330;Itariri (SP);214;110;51,4;1033,503;110;2912;2912;NA;92673;1;0;0;10;0;277;0;0
352340;Itatiba (SP);331;160;48,3;1341,860;160;2336;2336;NA;49284;9;0;0;63;0;1938;121;27
352350;Itatinga (SP);216;92;42,6;7423,226;92;13076;13076;NA;147970;5;0;0;47;0;251;0;0
352360;Itirapina (SP);228;59;25,9;6388,449;59;7955;7955;NA;83551;1;0;0;24;0;2395;1304;27
352370;Itirapuã (SP);205;115;56,1;2412,464;115;4986;4986;NA;140173;1;0;0;1;0;184;0;0
352380;Itobi (SP);125;66;52,8;4751,387;66;6042;6042;NA;154024;0;0;0;19;0;119;0;0
352390;Itu (SP);247;73;29,6;1601,388;73;2480;2480;NA;20584;31;0;3;43;0;4946;429;27
352400;Itupeva (SP);116;89;76,7;769,935;89;3017;3017;NA;109167;16;0;0;50;0;1892;1;1
352410;Ituverava (SP);247;130;52,6;14980,378;130;59059;59059;NA;509977;17;0;0;46;0;311;0;0
352420;Jaborandi (SP);136;114;83,8;10799,534;114;21592;21592;NA;209646;1;0;0;5;0;92;0;0
352430;Jaboticabal (SP);301;256;85,0;32285,312;256;70888;70888;NA;871768;6;0;0;8;0;631;0;0
352440;Jacareí (SP);398;69;17,3;324,075;69;42;52;NA;1971;47;0;3;277;0;3443;33;23
352450;Jaci (SP);163;31;19,0;326,555;32;8920;8920;NA;102829;1;0;0;21;0;0;0;0
352460;Jacupiranga (SP);505;120;23,8;577,408;120;3362;3362;NA;132835;1;0;0;10;0;84;0;0
352470;Jaguariúna (SP);67;43;64,2;1362,406;43;3796;3796;NA;55812;1;0;0;79;0;1849;272;27
352480;Jales (SP);1012;363;35,9;4616,066;364;8007;8007;NA;165434;5;0;0;69;0;100;0;0
352490;Jambeiro (SP);105;13;12,4;8,842;13;74;74;NA;557;2;0;0;7;0;489;0;0
352510;Jardinópolis (SP);231;163;70,6;6115,173;163;41049;41049;NA;297118;13;0;0;43;0;3132;1;1
352520;Jarinu (SP);188;124;66,0;1621,190;124;743;743;NA;15892;7;0;0;55;0;976;15;15
352530;Jaú (SP);333;218;65,5;5649,702;218;51020;51030;NA;518137;57;0;0;112;0;1739;0;0
352540;Jeriquara (SP);80;63;78,8;4848,871;63;9409;10609;NA;166650;4;0;0;1;0;91;0;0
352550;Joanópolis (SP);210;26;12,4;160,586;26;367;367;NA;14872;2;0;1;19;0;249;0;0
352560;João Ramalho (SP);283;61;21,6;2077,935;61;14568;14831;NA;91599;1;0;0;2;0;162;0;0
352570;José Bonifácio (SP);648;173;26,7;18816,282;173;41988;41988;NA;407539;5;0;1;35;0;1028;0;0
352580;Júlio Mesquita (SP);58;20;34,5;1765,321;20;1736;1736;NA;28273;1;0;0;12;0;0;0;0
352585;Jumirim (SP);113;29;25,7;130,161;29;1250;1250;NA;12904;0;0;0;0;0;307;285;27
352590;Jundiaí (SP);399;243;60,9;1092,797;244;2933;2933;NA;114594;76;0;0;443;0;4403;109;27
352600;Junqueirópolis (SP);537;152;28,3;11564,108;152;27741;27820;NA;232574;7;0;0;13;0;106;27;27
352610;Juquiá (SP);376;116;30,9;760,031;116;3348;3348;NA;84658;4;0;0;5;0;282;0;0
352620;Juquitiba (SP);123;5;4,1;8,360;5;NA;NA;NA;NA;8;0;0;9;0;252;0;0
352630;Lagoinha (SP);257;85;33,1;77,462;85;215;215;NA;1671;0;0;0;15;0;88;0;0
352640;Laranjal Paulista (SP);461;96;20,8;5793,720;96;4786;4786;NA;41724;4;0;0;24;0;643;113;22
352650;Lavínia (SP);276;135;48,9;3260,320;135;24265;24265;NA;191294;3;0;0;7;1;0;0;0
352660;Lavrinhas (SP);61;6;9,8;20,100;6;59;59;NA;964;4;0;0;14;0;102;0;0
352670;Leme (SP);267;204;76,4;7519,628;204;25073;25073;NA;323102;14;0;0;52;0;1311;2;1
352680;Lençóis Paulista (SP);273;99;36,3;23012,262;99;43682;43682;NA;401969;4;0;0;63;0;2010;3;2
352690;Limeira (SP);936;547;58,4;8680,154;547;26439;26539;NA;299957;30;0;1;325;0;3965;63;22
352700;Lindóia (SP);64;18;28,1;41,625;18;221;221;NA;5850;1;0;0;7;0;176;1;1
352710;Lins (SP);137;54;39,4;3537,641;54;23927;23927;NA;184024;16;0;1;51;0;720;99;27
352720;Lorena (SP);189;88;46,6;260,654;88;271;271;NA;2111;11;0;1;40;0;1276;72;27
352725;Lourdes (SP);112;37;33,0;226,592;37;2406;2406;NA;15827;0;0;0;4;0;50;0;0
352730;Louveira (SP);136;110;80,9;875,610;110;556;557;NA;29076;31;0;0;55;0;755;9;3
352740;Lucélia (SP);443;150;33,9;5862,094;150;10423;10429;NA;83610;7;0;0;4;0;227;0;0
352750;Lucianópolis (SP);133;46;34,6;4590,064;46;4574;4574;NA;161705;0;0;0;3;0;144;1;1
352760;Luís Antônio (SP);55;24;43,6;34488,092;24;39957;39957;NA;322538;5;0;0;2;0;245;54;27
352770;Luiziânia (SP);182;66;36,3;2393,780;66;5634;5634;NA;59836;3;0;0;10;0;98;0;0
352780;Lupércio (SP);192;77;40,1;2287,571;77;3444;3444;NA;34820;0;0;0;8;1;187;0;0
352790;Lutécia (SP);159;58;36,5;4833,535;58;17910;17920;NA;157567;2;0;0;9;0;92;0;0
352800;Macatuba (SP);79;30;38,0;7807,082;30;15660;15660;NA;159141;3;0;0;4;0;195;0;1
352810;Macaubal (SP);451;59;13,1;232,039;59;7758;7758;NA;108684;4;1;0;17;1;270;0;0
352820;Macedônia (SP);327;75;22,9;5148,729;75;7591;7591;NA;66814;1;0;0;3;0;91;0;0
352830;Magda (SP);172;39;22,7;494123,151;39;16540;16540;NA;168602;2;0;0;8;0;99;0;0
352840;Mairinque (SP);117;27;23,1;292,800;27;775;775;NA;7859;8;0;0;25;0;1170;9;8
352850;Mairiporã (SP);72;6;8,3;2,075;6;NA;NA;NA;NA;31;0;0;144;0;1210;23;23
352860;Manduri (SP);191;113;59,2;3784,053;113;14540;14540;NA;167113;0;0;0;4;1;173;173;22
352870;Marabá Paulista (SP);489;91;18,6;4373,646;91;18125;18125;NA;170572;3;0;0;10;0;89;0;0
352880;Maracaí (SP);217;165;76,0;21281,456;165;73344;73344;NA;578570;1;0;0;12;0;250;2;1
352885;Marapoama (SP);148;123;83,1;9299,263;123;7754;7754;NA;123882;0;0;0;15;2;290;1;1
352890;Mariápolis (SP);387;57;14,7;574,133;57;1731;1731;NA;33332;3;0;0;1;0;202;0;0
352900;Marília (SP);881;277;31,4;6595,922;277;15564;15564;NA;161419;26;0;1;569;0;3787;472;27
352910;Marinópolis (SP);155;98;63,2;1168,291;98;1133;1133;NA;25958;2;0;0;3;0;91;0;0
352920;Martinópolis (SP);559;70;12,5;17920,830;70;48930;48930;NA;392618;13;0;0;10;0;131;0;0
352930;Matão (SP);171;102;59,6;16464,036;102;29570;29570;NA;398135;19;0;1;7;0;1156;205;27
352940;Mauá (SP);34;5;14,7;10,700;5;NA;NA;NA;NA;33;0;3;348;0;744;85;26
352950;Mendonça (SP);285;78;27,4;315,785;78;9254;9254;NA;124081;1;0;0;8;1;209;0;0
352960;Meridiano (SP);205;63;30,7;20215,460;63;9913;9913;NA;86234;1;0;0;6;0;237;0;0
352965;Mesópolis (SP);198;59;29,8;626,708;59;7886;7886;NA;100015;0;0;0;2;0;92;0;0
352970;Miguelópolis (SP);195;132;67,7;31193,530;132;70370;70370;NA;870362;1;0;0;0;0;228;0;0
352980;Mineiros do Tietê (SP);94;40;42,6;1045,278;40;12864;12864;NA;124671;3;0;0;28;0;132;20;9
352990;Miracatu (SP);675;305;45,2;1592,002;306;2370;2620;NA;47072;4;0;0;40;3;444;1;1
353000;Mira Estrela (SP);221;62;28,1;1225,508;62;1643;1643;NA;12934;3;0;0;1;0;90;0;0
353010;Mirandópolis (SP);1013;382;37,7;1995,656;382;27227;27227;NA;239624;17;0;2;48;1;262;0;0
353020;Mirante do Paranapanema (SP);2097;687;32,8;8310,861;687;32622;32622;NA;290562;4;0;0;22;1;340;0;0
353030;Mirassol (SP);359;113;31,5;1139,974;113;10848;10848;NA;129940;10;0;0;61;0;1896;1;1
353040;Mirassolândia (SP);193;55;28,5;635,450;55;5034;5034;NA;55914;3;0;0;1;0;0;0;0
353050;Mococa (SP);454;158;34,8;7901,207;158;38596;38646;NA;550228;18;0;1;187;0;576;217;27
353060;Mogi das Cruzes (SP);1379;865;62,7;4822,683;865;761;761;NA;41325;50;0;1;223;0;2524;117;27
353070;Mogi Guaçu (SP);509;333;65,4;45824,933;333;29456;29456;NA;704250;11;0;0;33;0;1539;169;27
353080;Mogi Mirim (SP);716;429;59,9;14135,577;429;20871;20871;NA;456694;5;0;0;77;0;1222;273;27
353090;Mombuca (SP);54;42;77,8;2506,750;42;8164;8164;NA;93270;0;0;0;8;0;0;0;0
353100;Monções (SP);112;32;28,6;8535,618;32;3062;3062;NA;31558;0;0;0;5;0;99;0;0
353110;Mongaguá (SP);43;2;4,7;NA;2;11;11;NA;338;5;0;0;73;0;107;0;0
353120;Monte Alegre do Sul (SP);148;86;58,1;141,225;86;678;678;NA;20637;2;0;1;9;0;0;0;0
353130;Monte Alto (SP);497;391;78,7;21483,825;391;17023;17023;NA;326413;8;0;0;2;0;370;58;22
353140;Monte Aprazível (SP);825;312;37,8;2255,708;312;18971;18971;NA;239483;10;0;0;23;0;212;0;0
353150;Monte Azul Paulista (SP);220;171;77,7;11980,726;171;18072;18072;NA;244110;3;0;0;5;0;1283;1;1
353160;Monte Castelo (SP);265;120;45,3;1998,356;120;9964;9994;NA;88912;0;0;0;1;1;238;0;0
353170;Monteiro Lobato (SP);139;12;8,6;7,620;12;15;15;NA;144;5;0;0;6;0;176;0;0
353180;Monte Mor (SP);226;83;36,7;6126,571;83;8436;8436;NA;122257;3;0;0;42;0;2783;210;27
353190;Morro Agudo (SP);208;148;71,2;30894,985;148;107340;107340;NA;862589;13;0;0;14;0;665;162;27
353200;Morungaba (SP);145;36;24,8;368,760;36;1272;1272;NA;18654;1;0;0;19;0;168;0;0
353205;Motuca (SP);184;92;50,0;98,810;92;13882;13882;NA;167318;2;0;0;2;0;0;0;0
353210;Murutinga do Sul (SP);489;204;41,7;755,106;204;4709;4709;NA;38478;2;0;1;4;0;0;0;0
353215;Nantes (SP);56;30;53,6;4633,136;30;22188;24188;NA;130762;2;0;0;4;0;0;0;0
353220;Narandiba (SP);138;25;18,1;736,616;25;18480;18480;NA;118174;0;0;0;11;0;42;0;0
353230;Natividade da Serra (SP);563;50;8,9;44,799;50;190;190;NA;6055;0;0;0;11;0;44;0;0
353240;Nazaré Paulista (SP);298;34;11,4;395,205;34;450;450;NA;3938;13;0;1;17;0;340;0;0
353250;Neves Paulista (SP);274;113;41,2;1064,054;113;10535;10535;NA;126445;4;0;0;23;0;0;0;0
353260;Nhandeara (SP);673;76;11,3;544,300;76;16010;16010;NA;165793;5;0;0;13;0;168;0;0
353270;Nipoã (SP);136;25;18,4;901,233;25;6610;6610;NA;77727;3;0;0;6;0;134;0;0
353280;Nova Aliança (SP);209;56;26,8;1000,893;56;11079;11079;NA;125289;7;0;0;18;0;567;0;0
353282;Nova Campina (SP);154;62;40,3;1489,715;62;1318;1318;NA;51890;1;0;0;10;0;99;0;0
353284;Nova Canaã Paulista (SP);342;124;36,3;393,049;124;1964;1964;NA;21784;0;0;0;1;0;86;0;0
353286;Nova Castilho (SP);106;41;38,7;472,250;41;9167;9167;NA;77982;0;0;0;1;0;43;43;22
353290;Nova Europa (SP);76;52;68,4;16612,056;52;9980;9980;NA;111030;2;0;0;13;0;322;27;27
353300;Nova Granada (SP);430;92;21,4;3036,370;92;24141;24141;NA;322530;5;0;0;60;0;181;0;0
353310;Nova Guataporanga (SP);89;30;33,7;99,231;30;1052;1056;NA;9130;0;0;0;0;0;50;0;0
353320;Nova Independência (SP);127;30;23,6;14363,922;30;11549;11549;NA;78796;4;1;0;9;1;115;71;20
353325;Novais (SP);91;65;71,4;1409,494;65;5862;5862;NA;59810;1;0;1;4;0;0;0;0
353330;Nova Luzitânia (SP);98;13;13,3;59,300;13;3074;3074;NA;24602;0;0;0;1;0;100;0;0
353340;Nova Odessa (SP);36;12;33,3;65,700;12;497;497;NA;2682;11;0;0;45;0;1400;0;0
353350;Novo Horizonte (SP);669;391;58,4;38774,875;391;49054;49054;NA;503082;9;0;0;65;1;342;1;1
353360;Nuporanga (SP);197;156;79,2;6740,305;156;29348;29348;NA;270321;2;0;0;0;0;51;2;2
353370;Ocauçu (SP);340;144;42,4;1969,424;144;7079;7079;NA;87716;1;0;0;13;0;0;0;0
353380;Óleo (SP);336;194;57,7;2059,713;194;13618;13618;NA;137002;0;0;0;8;2;270;0;0
353390;Olímpia (SP);605;355;58,7;39768,913;355;50592;50592;NA;536525;7;0;0;70;0;2737;1155;27
353400;Onda Verde (SP);73;32;43,8;977,700;32;12490;12490;NA;164165;1;0;0;12;0;160;0;0
353410;Oriente (SP);97;28;28,9;690,084;28;5640;5640;NA;68810;1;0;0;8;0;132;0;0
353420;Orindiúva (SP);110;55;50,0;38946,394;55;15786;15786;NA;170862;1;0;0;7;0;122;11;11
353430;Orlândia (SP);89;40;44,9;18635,763;40;20951;20951;NA;191296;29;0;0;0;0;333;0;0
353450;Oscar Bressane (SP);187;25;13,4;841,923;25;3761;3761;NA;43731;2;0;0;4;0;92;0;0
353460;Osvaldo Cruz (SP);660;241;36,5;1908,277;241;6416;6416;NA;57805;14;0;0;5;0;164;0;0
353470;Ourinhos (SP);173;56;32,4;8635,644;56;22279;22279;NA;212297;12;0;1;58;0;769;26;20
353475;Ouroeste (SP);231;59;25,5;17693,941;59;12400;12500;NA;95681;4;0;0;22;1;143;0;0
353480;Ouro Verde (SP);162;42;25,9;6243,898;42;10789;10841;NA;96243;2;0;0;4;0;216;0;0
353490;Pacaembu (SP);539;211;39,1;9982,026;212;7507;7507;NA;75384;1;0;0;2;0;234;0;0
353500;Palestina (SP);642;182;28,3;25122,448;182;34751;34751;NA;393232;8;0;0;49;1;402;0;0
353510;Palmares Paulista (SP);31;25;80,6;1181,670;25;8741;8741;NA;95002;1;0;0;38;0;101;0;0
353520;Palmeira d'Oeste (SP);784;352;44,9;3697,274;352;2372;2372;NA;109645;4;1;0;10;1;91;1;1
353530;Palmital (SP);401;356;88,8;18399,253;356;71401;71401;NA;674675;3;0;1;18;0;345;0;0
353540;Panorama (SP);134;31;23,1;2874,174;31;10725;10733;NA;92135;1;0;0;9;0;1197;0;0
353550;Paraguaçu Paulista (SP);613;114;18,6;9052,916;114;53317;53317;NA;516777;22;0;0;127;0;512;0;0
353560;Paraibuna (SP);368;37;10,1;193,106;37;20;20;NA;180;15;0;1;43;0;318;68;27
353570;Paraíso (SP);81;57;70,4;12175,452;58;10540;10540;NA;114442;2;0;0;21;0;324;0;0
353580;Paranapanema (SP);582;275;47,3;40326,706;275;58043;58043;NA;866454;3;0;0;0;0;317;0;0
353590;Paranapuã (SP);156;72;46,2;1708,575;72;6922;6922;NA;132806;0;0;0;3;0;50;0;0
353600;Parapuã (SP);505;248;49,1;5634,731;248;14430;14430;NA;164292;3;0;0;1;0;167;0;0
353610;Pardinho (SP);99;53;53,5;4270,343;53;6744;6744;NA;117007;0;0;0;7;0;628;31;27
353620;Pariquera-Açu (SP);321;167;52,0;1094,619;167;3047;3047;NA;98486;5;0;0;33;0;266;0;0
353625;Parisi (SP);193;72;37,3;954,401;72;2025;2025;NA;28717;1;0;0;3;0;162;162;27
353630;Patrocínio Paulista (SP);375;174;46,4;8590,422;174;26284;26284;NA;422358;2;0;0;3;0;44;0;0
353640;Paulicéia (SP);246;59;24,0;3637,095;60;12545;12797;NA;107287;1;0;0;4;0;96;96;27
353650;Paulínia (SP);42;28;66,7;821,068;28;3678;3678;NA;53944;42;2;0;115;0;1874;125;27
353657;Paulistânia (SP);168;44;26,2;1137,817;44;1459;1459;NA;32831;1;0;0;1;0;135;0;0
353660;Paulo de Faria (SP);186;65;34,9;3202,728;65;39249;39249;NA;482825;1;0;0;14;0;101;0;0
353670;Pederneiras (SP);613;196;32,0;11851,751;196;39652;39652;NA;423558;7;0;0;39;0;1441;183;27
353680;Pedra Bela (SP);266;65;24,4;470,607;65;1789;1789;NA;27950;2;0;0;7;0;89;0;0
353690;Pedranópolis (SP);355;42;11,8;2521,813;42;8140;8140;NA;84821;0;0;0;3;0;205;0;0
353700;Pedregulho (SP);429;272;63,4;18018,134;272;28606;28606;NA;481545;7;1;0;0;0;366;0;0
353710;Pedreira (SP);64;17;26,6;15,110;17;100;100;NA;2130;2;0;0;47;0;709;230;27
353715;Pedrinhas Paulista (SP);116;111;95,7;5021,439;111;19290;19290;NA;174528;0;0;0;1;0;76;0;0
353720;Pedro de Toledo (SP);183;73;39,9;281,460;73;1291;1291;NA;31830;1;0;0;21;0;60;0;0
353730;Penápolis (SP);645;351;54,4;5180,449;351;30935;30935;NA;299382;9;0;2;103;0;162;66;27
353740;Pereira Barreto (SP);446;113;25,3;17584,360;113;34054;34054;NA;370753;4;0;0;11;0;179;0;0
353750;Pereiras (SP);269;18;6,7;567,615;18;767;767;NA;8365;0;0;0;13;0;286;0;0
353760;Peruíbe (SP);104;7;6,7;34,710;7;575;575;NA;24210;4;0;1;35;0;157;0;0
353770;Piacatu (SP);228;119;52,2;1544,631;119;6151;6151;NA;72065;1;0;0;3;0;92;0;0
353780;Piedade (SP);1722;1359;78,9;17316,306;1359;2417;2417;NA;85137;9;0;1;48;1;546;3;3
353790;Pilar do Sul (SP);692;463;66,9;7854,898;463;21982;21982;NA;342432;5;1;0;10;1;386;0;0
353800;Pindamonhangaba (SP);301;92;30,6;1313,365;92;3337;3337;NA;30129;6;0;1;266;0;270;1;1
353810;Pindorama (SP);180;117;65,0;2067,608;117;11206;11206;NA;135066;2;0;0;31;0;273;0;0
353820;Pinhalzinho (SP);307;59;19,2;1005,760;59;1838;1838;NA;24192;2;0;0;31;0;279;2;1
353830;Piquerobi (SP);329;27;8,2;396,221;27;6095;6095;NA;53433;1;0;0;3;0;44;0;0
353850;Piquete (SP);87;23;26,4;18,720;23;50;50;NA;1288;3;0;0;25;0;15;15;15
353860;Piracaia (SP);305;68;22,3;333,860;68;304;304;NA;8271;4;0;0;8;0;152;0;0
353870;Piracicaba (SP);691;292;42,3;16872,710;292;54203;54203;NA;632874;98;0;4;427;2;3486;93;27
353880;Piraju (SP);420;176;41,9;10280,264;176;23021;23021;NA;217844;11;0;1;55;0;129;0;0
353890;Pirajuí (SP);331;119;36,0;4759,533;119;29346;29346;NA;402706;6;0;0;13;1;0;0;0
353900;Pirangi (SP);311;263;84,6;7133,954;263;14900;14900;NA;189542;3;0;0;23;1;241;0;0
353910;Pirapora do Bom Jesus (SP);11;1;9,1;NA;1;NA;NA;NA;NA;1;0;0;11;0;380;2;2
353920;Pirapozinho (SP);255;76;29,8;5524,034;76;12116;12116;NA;88188;6;0;0;26;0;175;0;0
353930;Pirassununga (SP);579;406;70,1;16538,274;406;36644;36644;NA;437942;9;0;1;77;0;515;281;27
353940;Piratininga (SP);339;57;16,8;2663,540;57;4066;4076;NA;74553;2;0;0;2;0;648;1;1
353950;Pitangueiras (SP);222;140;63,1;26017,512;140;32795;37099;NA;343646;9;0;1;19;1;743;67;22
353960;Planalto (SP);118;46;39,0;1659,025;46;15754;15754;NA;166830;0;0;0;4;0;91;0;0
353970;Platina (SP);220;161;73,2;5521,184;162;27193;27193;NA;218491;1;0;0;4;0;90;0;0
353980;Poá (SP);7;2;28,6;NA;2;NA;NA;NA;NA;11;0;0;105;0;63;0;0
353990;Poloni (SP);203;75;36,9;566,020;75;7837;7837;NA;103489;4;0;0;6;0;92;0;0
354000;Pompéia (SP);296;74;25,0;8609,375;74;19195;19195;NA;170176;2;0;0;5;0;129;0;0
354010;Pongaí (SP);137;48;35,0;1824,696;48;6434;6434;NA;73109;2;0;0;2;0;163;0;0
354020;Pontal (SP);50;35;70,0;16881,387;35;28880;28880;NA;312644;3;0;0;109;0;1098;0;0
354025;Pontalinda (SP);233;87;37,3;1456,265;87;8084;8084;NA;121722;1;0;0;5;0;91;0;0
354030;Pontes Gestal (SP);116;20;17,2;12226,590;20;10092;10092;NA;94985;4;0;0;0;0;76;0;0
354040;Populina (SP);225;71;31,6;984,565;71;12155;12155;NA;144294;2;0;0;1;0;168;0;0
354050;Porangaba (SP);391;20;5,1;54,402;20;1432;1432;NA;25813;2;0;0;5;0;215;82;27
354060;Porto Feliz (SP);442;232;52,5;13672,813;232;17341;17341;NA;168442;8;0;0;103;0;2575;127;27
354070;Porto Ferreira (SP);141;85;60,3;6195,851;85;15603;15603;NA;212262;7;0;3;245;0;589;227;27
354075;Potim (SP);34;13;38,2;114,623;13;1220;1220;NA;11126;0;0;0;54;0;114;25;25
354080;Potirendaba (SP);726;91;12,5;20193,698;91;16751;16751;NA;201174;7;0;0;22;0;462;0;0
354085;Pracinha (SP);94;58;61,7;416,203;58;933;934;NA;11724;0;0;0;0;0;101;0;0
354090;Pradópolis (SP);219;57;26,0;29925,656;57;13695;13695;NA;147999;7;0;0;3;0;432;1;1
354105;Pratânia (SP);88;42;47,7;1714,922;42;9728;9728;NA;130780;2;0;0;12;1;193;54;27
354110;Presidente Alves (SP);182;88;48,4;1229,494;88;1639;1639;NA;42699;3;0;0;0;0;173;40;20
354120;Presidente Bernardes (SP);972;159;16,4;3259,064;159;7042;7042;NA;52138;0;0;0;4;0;339;0;0
354130;Presidente Epitácio (SP);722;83;11,5;3995,898;83;17425;17425;NA;166480;13;0;0;60;0;339;0;0
354140;Presidente Prudente (SP);533;122;22,9;3983,438;122;6360;6360;NA;54974;29;0;2;176;0;3536;6;6
354150;Presidente Venceslau (SP);612;101;16,5;846,160;101;5840;5840;NA;69476;9;0;1;53;2;660;0;0
354160;Promissão (SP);1058;594;56,1;3908,214;594;24687;24687;NA;237174;11;0;0;67;0;439;153;27
354165;Quadra (SP);204;36;17,6;1104,181;36;10003;10003;NA;112935;0;0;0;3;0;159;0;0
354170;Quatá (SP);246;38;15,4;424,743;38;29674;29674;NA;174854;5;0;0;12;1;306;0;0
354180;Queiroz (SP);66;25;37,9;2226,744;25;4160;4160;NA;53672;0;0;0;3;0;98;0;0
354190;Queluz (SP);50;9;18,0;18,150;9;76;76;NA;990;1;0;0;3;0;127;0;0
354200;Quintana (SP);134;27;20,1;11173,592;27;16210;16210;NA;197545;0;0;0;2;0;90;0;0
354210;Rafard (SP);69;31;44,9;564,780;31;7251;7251;NA;83577;0;0;0;7;0;220;0;0
354220;Rancharia (SP);806;293;36,4;17145,238;293;117571;117571;NA;773135;7;0;0;48;2;228;0;0
354230;Redenção da Serra (SP);271;25;9,2;22,940;25;58;58;NA;2203;0;0;0;5;0;176;0;0
354240;Regente Feijó (SP);285;87;30,5;760,536;87;8074;8074;NA;71533;2;0;0;2;0;578;0;0
354250;Reginópolis (SP);124;30;24,2;4411,511;30;13820;14020;NA;170157;1;0;0;0;0;142;27;27
354260;Registro (SP);627;259;41,3;2271,928;259;5622;5622;NA;126226;11;0;0;37;2;207;0;0
354270;Restinga (SP);227;129;56,8;3226,986;129;12512;12512;NA;173090;5;0;1;3;0;135;0;0
354280;Ribeira (SP);208;22;10,6;22,459;22;357;357;NA;6210;0;0;0;3;0;174;0;0
354290;Ribeirão Bonito (SP);237;129;54,4;5586,016;129;21076;21076;NA;210858;6;0;0;7;0;378;4;2
354300;Ribeirão Branco (SP);957;458;47,9;6335,946;459;7984;7984;NA;250548;7;0;0;37;7;306;1;1
354310;Ribeirão Corrente (SP);199;139;69,8;5773,241;139;10150;10150;NA;198024;2;0;0;2;0;85;0;0
354320;Ribeirão do Sul (SP);253;173;68,4;9254,501;173;25902;25902;NA;189621;1;0;0;3;0;102;0;0
354323;Ribeirão dos Índios (SP);125;12;9,6;356,318;12;4063;4063;NA;32690;0;0;0;0;0;68;0;0
354325;Ribeirão Grande (SP);331;127;38,4;1685,832;127;5347;5347;NA;60499;2;0;0;0;0;312;0;0
354330;Ribeirão Pires (SP);12;4;33,3;8,700;4;NA;NA;NA;NA;21;0;0;129;0;109;31;22
354340;Ribeirão Preto (SP);655;96;14,7;2342,172;96;39679;39679;NA;261669;112;0;3;562;0;8349;267;27
354350;Riversul (SP);422;117;27,7;2411,234;117;8074;8074;NA;74142;0;0;0;1;0;141;0;0
354360;Rifaina (SP);40;18;45,0;319,700;18;2391;2391;NA;22171;2;0;0;0;0;91;0;0
354370;Rincão (SP);76;17;22,4;5450,796;17;20880;20880;NA;239395;0;0;0;11;0;122;0;0
354380;Rinópolis (SP);370;189;51,1;2860,771;189;7150;7150;NA;94773;0;0;0;17;0;287;0;0
354390;Rio Claro (SP);798;185;23,2;2456,983;185;14030;14030;NA;188213;8;0;0;280;0;2511;202;27
354400;Rio das Pedras (SP);75;46;61,3;1760,096;46;15295;15295;NA;170168;3;0;0;58;0;941;297;22
354420;Riolândia (SP);180;55;30,6;1799,596;55;28556;28556;NA;339707;2;0;0;17;0;48;0;0
354425;Rosana (SP);792;99;12,5;3284,998;99;11001;11001;NA;107165;23;0;0;36;0;148;1;1
354430;Roseira (SP);56;15;26,8;660,035;15;2115;2115;NA;19698;0;0;0;34;0;91;0;0
354440;Rubiácea (SP);87;44;50,6;3553,363;44;9224;9224;NA;78167;0;0;0;0;0;179;41;20
354450;Rubinéia (SP);154;17;11,0;140,844;17;3316;3316;NA;32528;1;0;0;10;0;167;1;1
354460;Sabino (SP);98;36;36,7;3165,405;36;11167;11167;NA;125163;1;0;0;1;0;93;0;0
354470;Sagres (SP);216;12;5,6;1916,705;12;4129;4129;NA;37232;0;0;0;0;0;157;0;0
354480;Sales (SP);187;76;40,6;869,260;76;15509;15509;NA;219368;2;0;0;7;0;22;0;0
354490;Sales Oliveira (SP);103;55;53,4;4067,705;55;25093;25093;NA;224728;0;0;0;0;0;291;149;27
354500;Salesópolis (SP);332;79;23,8;325,742;79;99;99;NA;2689;6;0;0;8;0;137;0;0
354510;Salmourão (SP);173;69;39,9;3123,207;69;7098;7098;NA;80461;1;0;0;0;0;90;0;0
354515;Saltinho (SP);89;43;48,3;817,850;43;3696;3696;NA;42080;3;0;0;5;0;170;1;1
354520;Salto (SP);73;37;50,7;314,183;37;1856;1856;NA;14694;11;0;0;40;0;1645;26;23
354530;Salto de Pirapora (SP);224;93;41,5;2727,643;93;3995;3995;NA;43399;5;0;0;33;0;150;0;0
354540;Salto Grande (SP);159;137;86,2;7048,245;137;23354;23354;NA;121720;1;0;0;24;0;385;307;27
354550;Sandovalina (SP);261;92;35,2;8505,931;92;35945;35945;NA;236899;2;0;0;1;0;93;0;0
354560;Santa Adélia (SP);178;138;77,5;3271,293;138;25867;25867;NA;343697;0;0;0;21;0;756;0;0
354570;Santa Albertina (SP);393;96;24,4;16427,099;96;7735;7735;NA;85011;7;0;0;14;0;137;0;0
354580;Santa Bárbara d'Oeste (SP);75;34;45,3;650,028;34;11301;11301;NA;104727;12;0;2;248;0;2058;70;22
354600;Santa Branca (SP);94;20;21,3;39,120;20;40;40;NA;1094;1;0;0;13;0;129;0;0
354610;Santa Clara d'Oeste (SP);210;39;18,6;576,660;39;790;790;NA;13804;1;0;1;3;0;90;0;0
354620;Santa Cruz da Conceição (SP);145;66;45,5;1121,366;66;5762;5762;NA;53497;0;0;0;5;0;40;40;20
354625;Santa Cruz da Esperança (SP);63;35;55,6;845,730;35;7997;7997;NA;54427;3;0;0;1;0;91;0;0
354630;Santa Cruz das Palmeiras (SP);108;75;69,4;5027,501;75;19491;19491;NA;222403;5;0;0;18;0;201;0;0
354640;Santa Cruz do Rio Pardo (SP);653;314;48,1;22831,425;314;81086;83136;NA;925488;27;0;1;132;0;2489;92;22
354650;Santa Ernestina (SP);58;38;65,5;3398,059;38;9888;9888;NA;66661;1;0;0;4;0;102;0;0
354660;Santa Fé do Sul (SP);466;112;24,0;1338,377;112;1403;1403;NA;37033;8;0;1;57;0;317;0;0
354670;Santa Gertrudes (SP);35;12;34,3;2773,170;12;5010;5180;NA;46028;1;0;0;43;0;397;2;2
354680;Santa Isabel (SP);304;34;11,2;272,280;34;113;170;NA;3367;6;0;0;42;0;540;0;0
354690;Santa Lúcia (SP);33;23;69,7;966,533;23;15072;15072;NA;154213;1;0;0;1;0;61;0;0
354700;Santa Maria da Serra (SP);124;45;36,3;811,815;45;8240;8240;NA;105877;9;0;0;11;0;314;0;0
354710;Santa Mercedes (SP);109;24;22,0;1325,169;24;7425;7440;NA;63469;0;0;0;1;0;205;0;0
354720;Santana da Ponte Pensa (SP);318;98;30,8;865,320;98;2563;2563;NA;33150;1;0;0;3;0;92;0;0
354730;Santana de Parnaíba (SP);21;2;9,5;NA;2;NA;NA;NA;NA;19;0;0;165;0;1977;60;22
354740;Santa Rita d'Oeste (SP);410;82;20,0;1398,973;82;7416;7416;NA;84761;2;0;0;7;0;54;54;27
354750;Santa Rita do Passa Quatro (SP);549;238;43,4;8171,515;238;21241;21241;NA;226887;14;0;0;3;0;578;22;22
354760;Santa Rosa de Viterbo (SP);271;168;62,0;2241,187;168;15053;15053;NA;121843;5;0;0;12;0;82;0;0
354765;Santa Salete (SP);219;126;57,5;3073,678;126;1152;1152;NA;40384;0;0;0;0;0;43;0;0
354770;Santo Anastácio (SP);495;73;14,7;2134,424;73;9341;9341;NA;57107;10;1;0;4;0;237;9;9
354780;Santo André (SP);55;4;7,3;0,420;4;NA;NA;NA;NA;160;0;7;627;0;1839;306;27
354790;Santo Antônio da Alegria (SP);502;194;38,6;3785,799;194;10868;10868;NA;201329;4;0;0;9;0;0;0;0
354800;Santo Antônio de Posse (SP);205;93;45,4;6781,136;93;6637;6637;NA;130744;3;0;0;27;0;801;27;27
354805;Santo Antônio do Aracanguá (SP);425;162;38,1;7128,960;162;39098;39098;NA;321967;1;0;0;2;0;368;324;27
354810;Santo Antônio do Jardim (SP);269;205;76,2;2407,335;205;4185;4185;NA;174324;2;0;0;4;1;86;0;0
354820;Santo Antônio do Pinhal (SP);166;78;47,0;198,120;78;68;68;NA;5463;2;0;1;11;0;164;0;0
354830;Santo Expedito (SP);172;18;10,5;615,576;18;1304;1304;NA;10676;0;0;0;2;0;94;0;0
354840;Santópolis do Aguapeí (SP);87;27;31,0;2452,030;27;4700;4700;NA;45257;1;0;0;1;0;92;0;0
354860;São Bento do Sapucaí (SP);576;124;21,5;152,196;124;1153;1153;NA;17986;0;0;0;9;0;83;0;0
354870;São Bernardo do Campo (SP);62;8;12,9;10,560;8;NA;NA;NA;NA;66;0;3;1267;0;9036;1595;27
354880;São Caetano do Sul (SP);5;1;20,0;NA;1;NA;NA;NA;NA;18;0;1;108;0;418;14;13
354890;São Carlos (SP);508;161;31,7;6582,611;161;44670;44670;NA;470676;32;3;0;79;0;3646;73;27
354900;São Francisco (SP);255;107;42,0;1364,061;107;1763;1763;NA;32213;2;0;0;1;0;93;0;0
354910;São João da Boa Vista (SP);582;244;41,9;8137,297;244;17379;17379;NA;258149;28;0;0;118;2;524;149;27
354920;São João das Duas Pontes (SP);85;27;31,8;559,775;27;4578;4578;NA;40173;1;0;0;1;0;94;0;0
354925;São João de Iracema (SP);120;48;40,0;781,005;48;7090;7090;NA;64614;3;0;0;5;0;43;43;22
354930;São João do Pau d'Alho (SP);182;78;42,9;542,703;78;6124;6124;NA;54745;1;0;0;1;0;34;0;0
354940;São Joaquim da Barra (SP);143;64;44,8;47518,909;64;28664;28664;NA;252369;9;0;1;1;0;1335;457;22
354950;São José da Bela Vista (SP);193;106;54,9;1680,688;106;25805;25805;NA;395294;6;0;0;1;0;81;0;0
354960;São José do Barreiro (SP);222;19;8,6;9,683;19;130;130;NA;1656;2;0;0;0;0;0;0;0
354970;São José do Rio Pardo (SP);490;250;51,0;4486,953;250;6630;6630;NA;130519;10;0;0;57;0;436;42;21
354980;São José do Rio Preto (SP);502;103;20,5;1052,835;103;5292;5292;NA;70610;46;0;2;989;0;8395;0;0
354990;São José dos Campos (SP);544;67;12,3;514,842;67;150;150;NA;1350;164;0;3;632;0;4440;377;27
354995;São Lourenço da Serra (SP);86;37;43,0;180,270;37;NA;NA;NA;NA;5;0;0;28;0;170;0;0
355000;São Luiz do Paraitinga (SP);510;48;9,4;198,140;48;213;213;NA;4285;1;0;0;10;0;176;0;0
355010;São Manuel (SP);133;59;44,4;4929,732;59;40694;40694;NA;331345;2;0;0;26;0;661;82;27
355020;São Miguel Arcanjo (SP);1916;1521;79,4;31289,524;1521;28115;28115;NA;662357;16;0;0;51;3;375;0;0
355030;São Paulo (SP);550;137;24,9;378,739;137;135;147;NA;5576;1798;24;85;17301;2;36448;2177;27
355040;São Pedro (SP);424;33;7,8;3913,318;33;15256;15256;NA;202903;20;0;1;77;0;970;221;22
355050;São Pedro do Turvo (SP);538;300;55,8;15976,055;300;29914;29917;NA;290383;2;0;0;5;0;0;0;0
355060;São Roque (SP);142;71;50,0;297,390;71;1567;1567;NA;21139;17;0;0;34;0;2455;269;23
355070;São Sebastião (SP);25;1;4,0;NA;1;65;65;NA;4779;3;0;0;133;0;782;0;0
355080;São Sebastião da Grama (SP);271;167;61,6;2452,954;167;6585;7285;NA;117790;1;0;0;16;1;85;41;22
355090;São Simão (SP);250;121;48,4;7300,512;121;30959;30959;NA;189492;2;0;0;1;0;223;135;27
355100;São Vicente (SP);7;NA;NA;NA;NA;NA;NA;NA;NA;38;0;6;204;0;96;0;0
355110;Sarapuí (SP);348;136;39,1;2476,924;136;4291;4291;NA;71917;1;0;0;0;0;311;0;0
355120;Sarutaiá (SP);125;56;44,8;2078,243;56;7860;7860;NA;79831;2;0;0;13;1;102;0;0
355130;Sebastianópolis do Sul (SP);216;43;19,9;23254,505;43;7880;7880;NA;90744;0;0;0;3;0;102;54;27
355140;Serra Azul (SP);136;22;16,2;1722,872;22;17180;17180;NA;113029;1;0;0;3;0;89;0;0
355150;Serrana (SP);19;10;52,6;21582,726;10;7882;7882;NA;50258;13;0;1;6;0;1158;1;1
355160;Serra Negra (SP);492;266;54,1;1205,604;266;3510;3510;NA;104431;14;0;0;32;0;256;0;0
355170;Sertãozinho (SP);139;114;82,0;3680,168;114;29740;29740;NA;329308;18;0;0;20;0;1422;54;27
355180;Sete Barras (SP);816;299;36,6;2091,845;299;7126;7126;NA;206586;1;0;0;7;1;176;0;0
355190;Severínia (SP);97;71;73,2;2909,929;71;9041;9041;NA;100861;5;0;1;26;0;654;2;2
355200;Silveiras (SP);338;13;3,8;12,305;13;87;87;NA;1318;5;0;0;2;0;146;0;0
355210;Socorro (SP);1749;557;31,8;2737,950;557;7128;7128;NA;148563;9;0;0;42;0;290;0;0
355220;Sorocaba (SP);193;69;35,8;1337,046;69;2039;2039;NA;33328;51;0;3;372;1;6406;329;22
355230;Sud Mennucci (SP);200;86;43,0;14406,233;86;15086;15086;NA;204535;2;0;0;40;4;172;0;0
355240;Sumaré (SP);170;97;57,1;4688,061;97;2259;2284;NA;243838;40;0;1;238;1;3360;129;27
355250;Suzano (SP);349;230;65,9;1673,430;230;5;5;NA;51;25;0;3;227;0;1530;100;24
355255;Suzanápolis (SP);282;35;12,4;5956,961;35;12858;12858;NA;129700;0;0;0;1;0;324;0;0
355260;Tabapuã (SP);229;115;50,2;4533,250;115;22811;22811;NA;299721;2;0;0;27;0;0;0;0
355270;Tabatinga (SP);429;253;59,0;2157,476;253;22358;22358;NA;255936;4;0;0;4;0;877;0;0
355280;Taboão da Serra (SP);2;1;50,0;NA;1;NA;NA;NA;NA;84;0;0;435;0;2321;45;22
355290;Taciba (SP);194;58;29,9;7428,685;58;36234;36234;NA;209765;1;0;0;1;0;91;0;0
355300;Taguaí (SP);165;83;50,3;2612,234;83;7661;7661;NA;68662;0;0;0;10;0;84;0;0
355310;Taiaçu (SP);187;164;87,7;5535,127;164;9327;9327;NA;122286;2;0;1;28;1;378;0;0
355320;Taiúva (SP);164;128;78,0;2830,619;128;9462;9462;NA;108732;1;0;0;9;0;236;0;0
355330;Tambaú (SP);258;132;51,2;11679,178;132;24586;24586;NA;310132;5;0;0;12;0;200;66;25
355340;Tanabi (SP);1062;400;37,7;25997,482;400;33135;33135;NA;397052;5;0;0;58;1;37;1;1
355350;Tapiraí (SP);141;71;50,4;108,490;71;510;510;NA;4630;5;0;1;11;0;178;1;1
355360;Tapiratiba (SP);93;60;64,5;4331,223;60;6591;6591;NA;79968;5;0;0;10;0;222;0;0
355365;Taquaral (SP);45;38;84,4;7065,458;38;4744;4744;NA;88050;0;0;0;3;0;189;0;0
355370;Taquaritinga (SP);559;467;83,5;17918,607;467;39704;39704;NA;412387;29;0;0;71;1;702;118;27
355380;Taquarituba (SP);594;310;52,2;25594,086;310;43279;43279;NA;483847;6;0;1;20;0;220;1;1
355385;Taquarivaí (SP);116;71;61,2;21624,107;71;22431;22431;NA;308926;0;0;0;2;0;268;0;0
355390;Tarabai (SP);126;12;9,5;1500,300;12;3555;3555;NA;25469;0;0;0;2;0;91;0;0
355395;Tarumã (SP);80;69;86,2;15351,492;69;34601;34601;NA;316167;1;0;0;6;0;183;27;27
355400;Tatuí (SP);342;93;27,2;15236,229;93;21648;21648;NA;294461;7;0;0;77;0;1766;110;27
355410;Taubaté (SP);351;101;28,8;746,653;101;1239;1239;NA;13840;11;0;1;805;1;653;139;27
355420;Tejupá (SP);309;152;49,2;3522,865;152;11660;11660;NA;113969;1;0;0;11;0;276;0;0
355430;Teodoro Sampaio (SP);976;63;6,5;12655,783;63;43517;43517;NA;380420;8;0;1;18;0;134;0;0
355440;Terra Roxa (SP);140;130;92,9;4422,738;130;17028;17028;NA;182138;0;0;0;1;0;91;0;0
355450;Tietê (SP);417;117;28,1;3200,372;117;17354;17354;NA;123556;2;0;0;29;0;644;0;0
355460;Timburi (SP);139;70;50,4;1240,900;70;2795;2795;NA;37696;3;0;0;8;1;102;0;0
355465;Torre de Pedra (SP);175;4;2,3;NA;4;29;29;NA;319;0;0;0;6;0;90;0;0
355470;Torrinha (SP);421;246;58,4;3177,696;246;11124;11124;NA;154487;1;0;0;16;0;137;20;20
355475;Trabiju (SP);24;7;29,2;34,400;7;2755;2755;NA;30855;0;0;0;0;0;0;0;0
355480;Tremembé (SP);162;72;44,4;1195,956;72;1290;1295;NA;12185;2;0;1;30;0;91;0;0
355490;Três Fronteiras (SP);310;71;22,9;1170,515;71;2653;2653;NA;44033;2;0;1;15;0;31;0;0
355495;Tuiuti (SP);456;187;41,0;453,742;187;1987;1987;NA;23704;2;0;0;3;0;129;0;0
355500;Tupã (SP);723;205;28,4;11354,662;206;24285;24285;NA;294928;8;0;0;96;0;718;0;0
355510;Tupi Paulista (SP);516;215;41,7;4736,419;215;9913;9974;NA;102397;0;0;0;11;0;36;0;0
355520;Turiúba (SP);227;104;45,8;417,419;104;6581;6581;NA;69332;2;0;0;1;0;50;0;0
355530;Turmalina (SP);260;118;45,4;3617,865;118;6762;6762;NA;79676;1;0;0;4;1;136;0;0
355535;Ubarana (SP);57;18;31,6;7231,535;18;14554;14554;NA;170292;1;0;0;5;0;162;0;0
355540;Ubatuba (SP);133;13;9,8;97,300;13;142;142;NA;2883;23;0;1;85;0;576;22;22
355550;Ubirajara (SP);317;121;38,2;9587,704;121;6092;6092;NA;163154;1;0;0;17;0;100;0;0
355560;Uchoa (SP);360;97;26,9;1200,290;97;15527;15527;NA;155352;4;1;0;41;1;33;0;0
355570;União Paulista (SP);78;33;42,3;608,950;33;5404;5404;NA;57246;3;0;0;4;0;91;0;0
355580;Urânia (SP);425;174;40,9;3399,036;174;4873;4873;NA;108841;1;0;0;16;0;98;0;0
355590;Uru (SP);86;51;59,3;2951,396;51;5166;5166;NA;56387;0;0;0;0;0;43;0;0
355600;Urupês (SP);519;379;73,0;5582,731;379;21942;21942;NA;342811;1;0;0;7;0;0;0;0
355610;Valentim Gentil (SP);222;98;44,1;469,250;98;4920;4920;NA;47771;5;0;0;22;0;91;0;0
355620;Valinhos (SP);266;204;76,7;1034,288;204;899;899;NA;134218;12;0;0;149;0;4478;65;17
355630;Valparaíso (SP);177;68;38,4;2745,648;68;59813;59813;NA;463154;3;0;0;38;0;219;0;0
355635;Vargem (SP);228;28;12,3;239,835;28;1469;1469;NA;16257;4;0;0;6;0;51;0;0
355640;Vargem Grande do Sul (SP);195;69;35,4;4087,325;69;12844;12844;NA;189187;7;0;1;76;1;217;90;27
355645;Vargem Grande Paulista (SP);53;31;58,5;229,440;31;NA;NA;NA;NA;9;0;1;34;0;767;0;0
355650;Várzea Paulista (SP);8;1;12,5;NA;1;NA;NA;NA;NA;5;0;0;26;0;976;11;10
355660;Vera Cruz (SP);264;146;55,3;3021,301;146;3436;3436;NA;27271;0;0;0;18;0;38;22;22
355670;Vinhedo (SP);85;50;58,8;380,510;50;164;164;NA;9356;4;0;0;48;0;3140;94;27
355680;Viradouro (SP);278;245;88,1;3670,510;245;16736;16736;NA;178018;3;0;0;27;2;54;2;2
355690;Vista Alegre do Alto (SP);111;97;87,4;5868,440;97;7525;7525;NA;108313;1;0;0;2;0;394;212;27
355695;Vitória Brasil (SP);109;50;45,9;946,531;50;1031;1031;NA;29567;0;0;0;1;0;93;0;0
355700;Votorantim (SP);53;6;11,3;420,225;6;841;841;NA;7750;19;0;0;89;0;810;32;6
355710;Votuporanga (SP);515;142;27,6;1414,287;142;12274;12274;NA;112382;18;0;0;211;0;310;1;1
355715;Zacarias (SP);156;57;36,5;1945,491;57;11189;11189;NA;150680;1;1;1;4;0;43;0;0
355720;Chavantes (SP);29;14;48,3;247,450;14;14147;14154;NA;136321;20;0;1;11;0;22;0;0
355730;Estiva Gerbi (SP);91;51;56,0;1811,256;51;2550;2550;NA;77828;1;0;0;12;0;176;176;22
