year,sex,age_group,population,n_hosp_pesticide,n_hosp_broad,rate_broad_per100k,rate_pesticide_per100k
2014,Female,0-4,1480436,4,311,21.01,0.27
2014,Female,5-9,1479226,0,102,6.9,0
2014,Female,10-14,1587364,1,199,12.54,0.063
2014,Female,15-19,1692466,1,336,19.85,0.059
2014,Female,20-24,1739655,1,287,16.5,0.057
2014,Female,25-29,1866907,0,264,14.14,0
2014,Female,30-34,1961857,2,261,13.3,0.102
2014,Female,35-39,1804115,0,253,14.02,0
2014,Female,40-44,1620505,1,250,15.43,0.062
2014,Female,45-49,1534286,0,221,14.4,0
2014,Female,50-54,1417559,1,166,11.71,0.071
2014,Female,55-59,1227472,0,150,12.22,0
2014,Female,60-64,976779,2,77,7.88,0.205
2014,Female,65-69,739411,0,78,10.55,0
2014,Female,70-74,533768,0,62,11.62,0
2014,Female,75-79,405318,0,58,14.31,0
2014,Female,80+,508042,0,85,16.73,0
2014,Male,0-4,1552070,1,384,24.74,0.064
2014,Male,5-9,1549611,1,114,7.36,0.065
2014,Male,10-14,1653264,0,95,5.75,0
2014,Male,15-19,1729989,1,256,14.8,0.058
2014,Male,20-24,1751617,1,296,16.9,0.057
2014,Male,25-29,1843878,1,318,17.25,0.054
2014,Male,30-34,1871599,3,328,17.53,0.16
2014,Male,35-39,1698738,2,287,16.89,0.118
2014,Male,40-44,1509258,1,291,19.28,0.066
2014,Male,45-49,1390841,1,253,18.19,0.072
2014,Male,50-54,1253045,1,191,15.24,0.08
2014,Male,55-59,1065996,0,155,14.54,0
2014,Male,60-64,835216,0,143,17.12,0
2014,Male,65-69,606522,0,98,16.16,0
2014,Male,70-74,414620,0,76,18.33,0
2014,Male,75-79,287559,1,47,16.34,0.348
2014,Male,80+,284211,0,59,20.76,0
2015,Female,0-4,1494275,1,238,15.93,0.067
2015,Female,5-9,1466145,0,118,8.05,0
2015,Female,10-14,1561041,2,183,11.72,0.128
2015,Female,15-19,1684483,9,307,18.23,0.534
2015,Female,20-24,1730166,1,227,13.12,0.058
2015,Female,25-29,1831968,2,251,13.7,0.109
2015,Female,30-34,1952962,0,230,11.78,0
2015,Female,35-39,1853429,1,262,14.14,0.054
2015,Female,40-44,1638799,4,219,13.36,0.244
2015,Female,45-49,1545333,5,217,14.04,0.324
2015,Female,50-54,1440587,2,155,10.76,0.139
2015,Female,55-59,1264091,1,145,11.47,0.079
2015,Female,60-64,1016595,1,90,8.85,0.098
2015,Female,65-69,776060,0,68,8.76,0
2015,Female,70-74,554478,0,42,7.57,0
2015,Female,75-79,416038,0,62,14.9,0
2015,Female,80+,526283,2,78,14.82,0.38
2015,Male,0-4,1567082,2,326,20.8,0.128
2015,Male,5-9,1535498,2,123,8.01,0.13
2015,Male,10-14,1629597,0,116,7.12,0
2015,Male,15-19,1728683,4,227,13.13,0.231
2015,Male,20-24,1746436,4,273,15.63,0.229
2015,Male,25-29,1817468,3,288,15.85,0.165
2015,Male,30-34,1875418,4,274,14.61,0.213
2015,Male,35-39,1741191,2,261,14.99,0.115
2015,Male,40-44,1530317,2,274,17.9,0.131
2015,Male,45-49,1404120,4,248,17.66,0.285
2015,Male,50-54,1273439,5,182,14.29,0.393
2015,Male,55-59,1093711,1,170,15.54,0.091
2015,Male,60-64,866192,1,150,17.32,0.115
2015,Male,65-69,634787,0,100,15.75,0
2015,Male,70-74,430009,2,75,17.44,0.465
2015,Male,75-79,296192,1,49,16.54,0.338
2015,Male,80+,295058,0,63,21.35,0
2016,Female,0-4,1498475,2,301,20.09,0.133
2016,Female,5-9,1459921,0,108,7.4,0
2016,Female,10-14,1537628,1,177,11.51,0.065
2016,Female,15-19,1669545,8,286,17.13,0.479
2016,Female,20-24,1721633,6,267,15.51,0.349
2016,Female,25-29,1798459,4,225,12.51,0.222
2016,Female,30-34,1935548,3,260,13.43,0.155
2016,Female,35-39,1895470,9,249,13.14,0.475
2016,Female,40-44,1662979,5,215,12.93,0.301
2016,Female,45-49,1556588,4,191,12.27,0.257
2016,Female,50-54,1460820,2,166,11.36,0.137
2016,Female,55-59,1296958,2,152,11.72,0.154
2016,Female,60-64,1057524,1,106,10.02,0.095
2016,Female,65-69,812123,0,74,9.11,0
2016,Female,70-74,580123,1,68,11.72,0.172
2016,Female,75-79,426187,0,57,13.37,0
2016,Female,80+,544753,1,82,15.05,0.184
2016,Male,0-4,1571534,7,335,21.32,0.445
2016,Male,5-9,1529700,0,123,8.04,0
2016,Male,10-14,1607151,0,105,6.53,0
2016,Male,15-19,1719568,4,206,11.98,0.233
2016,Male,20-24,1741931,5,285,16.36,0.287
2016,Male,25-29,1791076,11,258,14.4,0.614
2016,Male,30-34,1871034,8,252,13.47,0.428
2016,Male,35-39,1778835,7,265,14.9,0.394
2016,Male,40-44,1555700,6,250,16.07,0.386
2016,Male,45-49,1418051,2,226,15.94,0.141
2016,Male,50-54,1292296,5,189,14.63,0.387
2016,Male,55-59,1119143,4,175,15.64,0.357
2016,Male,60-64,896941,4,121,13.49,0.446
2016,Male,65-69,662804,0,92,13.88,0
2016,Male,70-74,449032,1,64,14.25,0.223
2016,Male,75-79,303961,1,48,15.79,0.329
2016,Male,80+,306619,1,54,17.61,0.326
2017,Female,0-4,1492723,5,301,20.16,0.335
2017,Female,5-9,1463392,0,105,7.18,0
2017,Female,10-14,1514268,0,229,15.12,0
2017,Female,15-19,1648087,5,358,21.72,0.303
2017,Female,20-24,1711755,3,319,18.64,0.175
2017,Female,25-29,1769043,4,198,11.19,0.226
2017,Female,30-34,1912049,3,271,14.17,0.157
2017,Female,35-39,1924404,4,236,12.26,0.208
2017,Female,40-44,1694591,2,223,13.16,0.118
2017,Female,45-49,1569124,4,216,13.77,0.255
2017,Female,50-54,1477934,3,193,13.06,0.203
2017,Female,55-59,1326251,0,128,9.65,0
2017,Female,60-64,1099013,0,96,8.74,0
2017,Female,65-69,847853,0,88,10.38,0
2017,Female,70-74,609953,0,79,12.95,0
2017,Female,75-79,436334,0,48,11,0
2017,Female,80+,563898,0,86,15.25,0
2017,Male,0-4,1565410,3,292,18.65,0.192
2017,Male,5-9,1534227,0,113,7.37,0
2017,Male,10-14,1583970,1,126,7.95,0.063
2017,Male,15-19,1702948,1,254,14.92,0.059
2017,Male,20-24,1736348,6,285,16.41,0.346
2017,Male,25-29,1767541,5,261,14.77,0.283
2017,Male,30-34,1859205,3,284,15.28,0.161
2017,Male,35-39,1807699,5,278,15.38,0.277
2017,Male,40-44,1586204,6,273,17.21,0.378
2017,Male,45-49,1433517,5,256,17.86,0.349
2017,Male,50-54,1309312,0,223,17.03,0
2017,Male,55-59,1142454,2,202,17.68,0.175
2017,Male,60-64,927335,2,163,17.58,0.216
2017,Male,65-69,690826,1,106,15.34,0.145
2017,Male,70-74,470949,1,69,14.65,0.212
2017,Male,75-79,311343,3,60,19.27,0.964
2017,Male,80+,319106,0,65,20.37,0
2018,Female,0-4,1487494,1,295,19.83,0.067
2018,Female,5-9,1467291,1,131,8.93,0.068
2018,Female,10-14,1494651,0,258,17.26,0
2018,Female,15-19,1620741,3,453,27.95,0.185
2018,Female,20-24,1700022,7,327,19.24,0.412
2018,Female,25-29,1744386,2,263,15.08,0.115
2018,Female,30-34,1882118,2,317,16.84,0.106
2018,Female,35-39,1938315,3,272,14.03,0.155
2018,Female,40-44,1734799,1,253,14.58,0.058
2018,Female,45-49,1582269,3,199,12.58,0.19
2018,Female,50-54,1491605,3,179,12,0.201
2018,Female,55-59,1352916,0,130,9.61,0
2018,Female,60-64,1139859,0,108,9.47,0
2018,Female,65-69,883635,0,87,9.85,0
2018,Female,70-74,642729,1,69,10.74,0.156
2018,Female,75-79,447890,0,51,11.39,0
2018,Female,80+,583538,0,108,18.51,0
2018,Male,0-4,1559907,3,356,22.82,0.192
2018,Male,5-9,1539081,0,159,10.33,0
2018,Male,10-14,1564134,0,111,7.1,0
2018,Male,15-19,1679502,4,246,14.65,0.238
2018,Male,20-24,1729267,2,346,20.01,0.116
2018,Male,25-29,1747195,2,302,17.28,0.114
2018,Male,30-34,1839087,2,283,15.39,0.109
2018,Male,35-39,1826593,4,318,17.41,0.219
2018,Male,40-44,1622231,6,272,16.77,0.37
2018,Male,45-49,1450040,3,232,16,0.207
2018,Male,50-54,1324044,1,227,17.14,0.076
2018,Male,55-59,1164497,6,193,16.57,0.515
2018,Male,60-64,956898,0,156,16.3,0
2018,Male,65-69,718874,0,114,15.86,0
2018,Male,70-74,494866,0,87,17.58,0
2018,Male,75-79,319426,1,45,14.09,0.313
2018,Male,80+,332267,0,67,20.16,0
2019,Female,0-4,1474706,2,303,20.55,0.136
2019,Female,5-9,1472777,0,117,7.94,0
2019,Female,10-14,1478885,2,317,21.44,0.135
2019,Female,15-19,1591624,2,686,43.1,0.126
2019,Female,20-24,1690856,4,544,32.17,0.237
2019,Female,25-29,1726961,3,360,20.85,0.174
2019,Female,30-34,1847779,6,327,17.7,0.325
2019,Female,35-39,1939819,6,347,17.89,0.309
2019,Female,40-44,1782154,4,285,15.99,0.224
2019,Female,45-49,1596432,2,261,16.35,0.125
2019,Female,50-54,1503218,0,197,13.11,0
2019,Female,55-59,1377357,4,161,11.69,0.29
2019,Female,60-64,1178519,2,124,10.52,0.17
2019,Female,65-69,920152,1,92,10,0.109
2019,Female,70-74,676801,0,83,12.26,0
2019,Female,75-79,462669,0,75,16.21,0
2019,Female,80+,603015,0,86,14.26,0
2019,Male,0-4,1546337,2,327,21.15,0.129
2019,Male,5-9,1545396,0,153,9.9,0
2019,Male,10-14,1547770,1,118,7.62,0.065
2019,Male,15-19,1653851,1,311,18.8,0.06
2019,Male,20-24,1725158,7,370,21.45,0.406
2019,Male,25-29,1732761,13,307,17.72,0.75
2019,Male,30-34,1813179,8,283,15.61,0.441
2019,Male,35-39,1837411,7,351,19.1,0.381
2019,Male,40-44,1662940,2,302,18.16,0.12
2019,Male,45-49,1467874,6,253,17.24,0.409
2019,Male,50-54,1337585,3,192,14.35,0.224
2019,Male,55-59,1185451,7,205,17.29,0.59
2019,Male,60-64,985082,3,154,15.63,0.305
2019,Male,65-69,747019,1,129,17.27,0.134
2019,Male,70-74,519729,1,101,19.43,0.192
2019,Male,75-79,329627,0,58,17.6,0
2019,Male,80+,345245,0,62,17.96,0
2020,Female,0-4,1445256,2,323,22.35,0.138
2020,Female,5-9,1485063,0,164,11.04,0
2020,Female,10-14,1464893,1,247,16.86,0.068
2020,Female,15-19,1564920,4,477,30.48,0.256
2020,Female,20-24,1682543,5,437,25.97,0.297
2020,Female,25-29,1716651,4,295,17.18,0.233
2020,Female,30-34,1812964,6,253,13.96,0.331
2020,Female,35-39,1930916,1,283,14.66,0.052
2020,Female,40-44,1830846,4,207,11.31,0.218
2020,Female,45-49,1613738,3,202,12.52,0.186
2020,Female,50-54,1513598,3,200,13.21,0.198
2020,Female,55-59,1399265,0,138,9.86,0
2020,Female,60-64,1213100,2,104,8.57,0.165
2020,Female,65-69,956895,1,87,9.09,0.105
2020,Female,70-74,709803,1,82,11.55,0.141
2020,Female,75-79,480913,0,56,11.64,0
2020,Female,80+,620914,0,58,9.34,0
2020,Male,0-4,1515466,1,361,23.82,0.066
2020,Male,5-9,1558564,0,190,12.19,0
2020,Male,10-14,1532765,0,100,6.52,0
2020,Male,15-19,1630436,3,231,14.17,0.184
2020,Male,20-24,1722132,5,333,19.34,0.29
2020,Male,25-29,1724941,10,314,18.2,0.58
2020,Male,30-34,1785409,8,278,15.57,0.448
2020,Male,35-39,1840408,2,267,14.51,0.109
2020,Male,40-44,1704344,2,227,13.32,0.117
2020,Male,45-49,1487896,3,241,16.2,0.202
2020,Male,50-54,1350098,1,220,16.3,0.074
2020,Male,55-59,1204375,2,177,14.7,0.166
2020,Male,60-64,1010123,2,140,13.86,0.198
2020,Male,65-69,773398,1,86,11.12,0.129
2020,Male,70-74,543224,1,74,13.62,0.184
2020,Male,75-79,341672,2,56,16.39,0.585
2020,Male,80+,355662,2,55,15.46,0.562
2021,Female,0-4,1408053,2,342,24.29,0.142
2021,Female,5-9,1488354,1,156,10.48,0.067
2021,Female,10-14,1458038,1,272,18.66,0.069
2021,Female,15-19,1541367,4,422,27.38,0.26
2021,Female,20-24,1668808,2,322,19.3,0.12
2021,Female,25-29,1708861,4,297,17.38,0.234
2021,Female,30-34,1780237,4,252,14.16,0.225
2021,Female,35-39,1913358,5,225,11.76,0.261
2021,Female,40-44,1871756,5,252,13.46,0.267
2021,Female,45-49,1635728,1,164,10.03,0.061
2021,Female,50-54,1522420,3,174,11.43,0.197
2021,Female,55-59,1416099,1,127,8.97,0.071
2021,Female,60-64,1241406,0,80,6.44,0
2021,Female,65-69,991918,0,80,8.07,0
2021,Female,70-74,739288,0,60,8.12,0
2021,Female,75-79,501292,1,55,10.97,0.199
2021,Female,80+,634514,0,76,11.98,0
2021,Male,0-4,1476561,5,378,25.6,0.339
2021,Male,5-9,1561880,1,170,10.88,0.064
2021,Male,10-14,1526390,0,110,7.21,0
2021,Male,15-19,1608329,3,190,11.81,0.187
2021,Male,20-24,1713269,3,272,15.88,0.175
2021,Male,25-29,1719606,4,289,16.81,0.233
2021,Male,30-34,1758375,7,261,14.84,0.398
2021,Male,35-39,1834621,3,264,14.39,0.164
2021,Male,40-44,1739464,3,233,13.39,0.172
2021,Male,45-49,1509783,3,198,13.11,0.199
2021,Male,50-54,1360550,6,158,11.61,0.441
2021,Male,55-59,1218096,0,175,14.37,0
2021,Male,60-64,1029529,4,153,14.86,0.389
2021,Male,65-69,795654,0,106,13.32,0
2021,Male,70-74,562645,0,92,16.35,0
2021,Male,75-79,354101,0,49,13.84,0
2021,Male,80+,361565,0,57,15.76,0
2022,Female,0-4,1365707,0,258,18.89,0
2022,Female,5-9,1482218,0,131,8.84,0
2022,Female,10-14,1461081,1,303,20.74,0.068
2022,Female,15-19,1516765,0,538,35.47,0
2022,Female,20-24,1647299,3,375,22.76,0.182
2022,Female,25-29,1699774,1,305,17.94,0.059
2022,Female,30-34,1751775,2,263,15.01,0.114
2022,Female,35-39,1890055,5,267,14.13,0.265
2022,Female,40-44,1899980,0,259,13.63,0
2022,Female,45-49,1665574,0,201,12.07,0
2022,Female,50-54,1533012,3,176,11.48,0.196
2022,Female,55-59,1430700,0,145,10.13,0
2022,Female,60-64,1267071,1,98,7.73,0.079
2022,Female,65-69,1028147,1,91,8.85,0.097
2022,Female,70-74,768811,0,68,8.84,0
2022,Female,75-79,525139,1,52,9.9,0.19
2022,Female,80+,645555,1,69,10.69,0.155
2022,Male,0-4,1431779,1,340,23.75,0.07
2022,Male,5-9,1555154,0,167,10.74,0
2022,Male,10-14,1530429,1,106,6.93,0.065
2022,Male,15-19,1584043,0,230,14.52,0
2022,Male,20-24,1695389,2,320,18.87,0.118
2022,Male,25-29,1712970,4,336,19.62,0.234
2022,Male,30-34,1734453,4,316,18.22,0.231
2022,Male,35-39,1821891,3,282,15.48,0.165
2022,Male,40-44,1766242,1,271,15.34,0.057
2022,Male,45-49,1537294,3,206,13.4,0.195
2022,Male,50-54,1373366,3,174,12.67,0.218
2022,Male,55-59,1231035,3,171,13.89,0.244
2022,Male,60-64,1047967,0,130,12.4,0
2022,Male,65-69,818790,0,132,16.12,0
2022,Male,70-74,582407,1,81,13.91,0.172
2022,Male,75-79,368857,1,67,18.16,0.271
2022,Male,80+,366249,1,54,14.74,0.273
2023,Female,0-4,1316317,2,302,22.94,0.152
2023,Female,5-9,1477790,0,189,12.79,0
2023,Female,10-14,1465004,0,258,17.61,0
2023,Female,15-19,1496398,3,436,29.14,0.2
2023,Female,20-24,1619956,1,408,25.19,0.062
2023,Female,25-29,1690313,2,378,22.36,0.118
2023,Female,30-34,1729421,4,296,17.12,0.231
2023,Female,35-39,1861670,5,300,16.11,0.269
2023,Female,40-44,1914543,3,286,14.94,0.157
2023,Female,45-49,1705825,2,261,15.3,0.117
2023,Female,50-54,1546208,4,207,13.39,0.259
2023,Female,55-59,1444787,0,154,10.66,0
2023,Female,60-64,1293291,1,143,11.06,0.077
2023,Female,65-69,1067026,1,95,8.9,0.094
2023,Female,70-74,801529,0,79,9.86,0
2023,Female,75-79,553811,0,40,7.22,0
2023,Female,80+,661615,0,53,8.01,0
2023,Male,0-4,1379568,2,365,26.46,0.145
2023,Male,5-9,1550270,1,210,13.55,0.065
2023,Male,10-14,1535340,1,127,8.27,0.065
2023,Male,15-19,1563535,1,252,16.12,0.064
2023,Male,20-24,1671442,4,362,21.66,0.239
2023,Male,25-29,1706951,4,362,21.21,0.234
2023,Male,30-34,1715620,3,369,21.51,0.175
2023,Male,35-39,1802921,2,312,17.31,0.111
2023,Male,40-44,1785261,1,301,16.86,0.056
2023,Male,45-49,1573065,1,226,14.37,0.064
2023,Male,50-54,1390106,4,226,16.26,0.288
2023,Male,55-59,1246046,3,205,16.45,0.241
2023,Male,60-64,1069394,0,151,14.12,0
2023,Male,65-69,845705,0,107,12.65,0
2023,Male,70-74,605995,0,81,13.37,0
2023,Male,75-79,387946,0,70,18.04,0
2023,Male,80+,375901,0,65,17.29,0
2024,Female,0-4,1267806,1,344,27.13,0.079
2024,Female,5-9,1465853,0,190,12.96,0
2024,Female,10-14,1470702,0,287,19.51,0
2024,Female,15-19,1480827,3,440,29.71,0.203
2024,Female,20-24,1591258,0,418,26.27,0
2024,Female,25-29,1682827,2,422,25.08,0.119
2024,Female,30-34,1713603,1,338,19.72,0.058
2024,Female,35-39,1828464,0,301,16.46,0
2024,Female,40-44,1916488,1,315,16.44,0.052
2024,Female,45-49,1753330,3,261,14.89,0.171
2024,Female,50-54,1560458,0,207,13.27,0
2024,Female,55-59,1456911,3,181,12.42,0.206
2024,Female,60-64,1317734,0,128,9.71,0
2024,Female,65-69,1104392,0,92,8.33,0
2024,Female,70-74,835731,0,86,10.29,0
2024,Female,75-79,584128,0,40,6.85,0
2024,Female,80+,684539,0,50,7.3,0
2024,Male,0-4,1328694,1,400,30.1,0.075
2024,Male,5-9,1537501,2,200,13.01,0.13
2024,Male,10-14,1541801,0,125,8.11,0
2024,Male,15-19,1547541,3,246,15.9,0.194
2024,Male,20-24,1646581,3,419,25.45,0.182
2024,Male,25-29,1704282,9,387,22.71,0.528
2024,Male,30-34,1702523,5,347,20.38,0.294
2024,Male,35-39,1778024,3,370,20.81,0.169
2024,Male,40-44,1796303,3,340,18.93,0.167
2024,Male,45-49,1613559,3,298,18.47,0.186
2024,Male,50-54,1408103,2,220,15.62,0.142
2024,Male,55-59,1260398,1,226,17.93,0.079
2024,Male,60-64,1090352,2,175,16.05,0.183
2024,Male,65-69,872507,3,128,14.67,0.344
2024,Male,70-74,630597,1,96,15.22,0.159
2024,Male,75-79,408500,0,52,12.73,0
2024,Male,80+,390877,0,53,13.56,0
